name,year,HDI,Population,MCPC
Afghanistan,2010,0.498,38928.346,12.528860624
Afghanistan,2011,0.498,38928.346,11.792660000000001
Afghanistan,2012,0.498,38928.346,12.08148
Afghanistan,2013,0.498,38928.346,12.033059999999999
Afghanistan,2014,0.498,38928.346,11.68848
Afghanistan,2015,0.498,38928.346,11.57904
Afghanistan,2016,0.498,38928.346,11.504060000000003
Afghanistan,2017,0.498,38928.346,11.47316
Albania,2010,0.785,2877.797,48.23495999999999
Albania,2011,0.785,2877.797,48.667060000000006
Albania,2012,0.785,2877.797,50.00397999999999
Albania,2013,0.785,2877.797,49.76018
Albania,2014,0.785,2877.797,55.80200000000001
Albania,2015,0.785,2877.797,57.076600000000006
Albania,2016,0.785,2877.797,58.605360000000005
Albania,2017,0.785,2877.797,60.347279999999984
Algeria,2010,0.754,43851.044,47.625460000000004
Algeria,2011,0.754,43851.044,46.409620000000004
Algeria,2012,0.754,43851.044,49.10178
Algeria,2013,0.754,43851.044,50.23257999999999
Algeria,2014,0.754,43851.044,51.52628
Algeria,2015,0.754,43851.044,52.42303999999999
Algeria,2016,0.754,43851.044,53.43664
Algeria,2017,0.754,43851.044,54.509059999999984
Angola,2010,0.581,32866.272,28.673939999999998
Angola,2011,0.581,32866.272,29.3165
Angola,2012,0.581,32866.272,27.19696
Angola,2013,0.581,32866.272,30.390759999999993
Angola,2014,0.581,32866.272,29.07636
Angola,2015,0.581,32866.272,28.993479999999998
Angola,2016,0.581,32866.272,29.23802
Angola,2017,0.581,32866.272,29.538120000000003
Antigua and Barbuda,2010,0.78,97.929,7.08512
Antigua and Barbuda,2011,0.78,97.929,21.489880000000003
Antigua and Barbuda,2012,0.78,97.929,31.362520000000004
Antigua and Barbuda,2013,0.78,97.929,18.579199999999997
Antigua and Barbuda,2014,0.78,97.929,18.593980000000002
Antigua and Barbuda,2015,0.78,97.929,17.844279999999998
Antigua and Barbuda,2016,0.78,97.929,17.086019999999998
Antigua and Barbuda,2017,0.78,97.929,16.35948
Argentina,2010,0.825,45195.774,59.65963999999999
Argentina,2011,0.825,45195.774,61.75487999999999
Argentina,2012,0.825,45195.774,59.417200000000015
Argentina,2013,0.825,45195.774,60.520359999999975
Argentina,2014,0.825,45195.774,62.68744
Argentina,2015,0.825,45195.774,63.52001999999999
Argentina,2016,0.825,45195.774,64.11376
Argentina,2017,0.825,45195.774,64.71476000000001
Armenia,2010,0.755,2963.243,43.322979999999994
Armenia,2011,0.755,2963.243,44.1503
Armenia,2012,0.755,2963.243,47.87220000000001
Armenia,2013,0.755,2963.243,50.24194
Armenia,2014,0.755,2963.243,51.88074
Armenia,2015,0.755,2963.243,53.2123
Armenia,2016,0.755,2963.243,55.17166000000002
Armenia,2017,0.755,2963.243,57.251459999999994
Australia,2010,0.939,25499.884,217.91566000000003
Australia,2011,0.939,25499.884,218.92711999999997
Australia,2012,0.939,25499.884,212.82757999999998
Australia,2013,0.939,25499.884,211.05788
Australia,2014,0.939,25499.884,205.06730000000005
Australia,2015,0.939,25499.884,204.66502000000003
Australia,2016,0.939,25499.884,202.90529999999995
Australia,2017,0.939,25499.884,201.04790000000003
Austria,2010,0.908,9006.398,94.34899999999999
Austria,2011,0.908,9006.398,103.7243
Austria,2012,0.908,9006.398,98.8261
Austria,2013,0.908,9006.398,93.97938
Austria,2014,0.908,9006.398,95.43068000000001
Austria,2015,0.908,9006.398,95.53652
Austria,2016,0.908,9006.398,96.38653999999998
Austria,2017,0.908,9006.398,97.39877999999999
Azerbaijan,2010,0.757,10139.177,45.035360000000004
Azerbaijan,2011,0.757,10139.177,48.36745999999999
Azerbaijan,2012,0.757,10139.177,50.44934
Azerbaijan,2013,0.757,10139.177,52.388799999999996
Azerbaijan,2014,0.757,10139.177,52.065679999999986
Azerbaijan,2015,0.757,10139.177,51.329319999999996
Azerbaijan,2016,0.757,10139.177,53.21414000000001
Azerbaijan,2017,0.757,10139.177,55.15646
Bahamas,2010,0.807,393.244,30.405639999999995
Bahamas,2011,0.807,393.244,20.088919999999998
Bahamas,2012,0.807,393.244,18.93096
Bahamas,2013,0.807,393.244,23.049680000000002
Bahamas,2014,0.807,393.244,22.4968
Bahamas,2015,0.807,393.244,21.529099999999996
Bahamas,2016,0.807,393.244,20.609420000000004
Bahamas,2017,0.807,393.244,19.818740000000002
Bahrain,2010,0.846,1701.575,175.0858
Bahrain,2011,0.846,1701.575,127.15409999999999
Bahrain,2012,0.846,1701.575,149.03544000000002
Bahrain,2013,0.846,1701.575,143.21634
Bahrain,2014,0.846,1701.575,172.27499999999998
Bahrain,2015,0.846,1701.575,172.35085999999998
Bahrain,2016,0.846,1701.575,171.85803999999996
Bahrain,2017,0.846,1701.575,169.80828000000002
Bangladesh,2010,0.608,164689.383,14.274639999999998
Bangladesh,2011,0.608,164689.383,14.567419999999998
Bangladesh,2012,0.608,164689.383,14.620300000000002
Bangladesh,2013,0.608,164689.383,14.86528
Bangladesh,2014,0.608,164689.383,15.074580000000001
Bangladesh,2015,0.608,164689.383,15.368800000000004
Bangladesh,2016,0.608,164689.383,15.632579999999999
Bangladesh,2017,0.608,164689.383,15.924060000000003
Barbados,2010,0.8,287.375,17.695020000000003
Barbados,2011,0.8,287.375,21.998860000000004
Barbados,2012,0.8,287.375,21.142220000000002
Barbados,2013,0.8,287.375,18.41252
Barbados,2014,0.8,287.375,16.830119999999997
Barbados,2015,0.8,287.375,15.778380000000002
Barbados,2016,0.8,287.375,14.62708
Barbados,2017,0.8,287.375,13.42906
Belarus,2010,0.808,9449.323,99.78414000000001
Belarus,2011,0.808,9449.323,97.67894000000001
Belarus,2012,0.808,9449.323,102.51746000000001
Belarus,2013,0.808,9449.323,98.37475999999998
Belarus,2014,0.808,9449.323,99.69619999999999
Belarus,2015,0.808,9449.323,101.57908
Belarus,2016,0.808,9449.323,104.32416
Belarus,2017,0.808,9449.323,107.23524
Belgium,2010,0.916,11589.623,108.06444
Belgium,2011,0.916,11589.623,110.13756
Belgium,2012,0.916,11589.623,104.74916
Belgium,2013,0.916,11589.623,104.69504
Belgium,2014,0.916,11589.623,99.09882
Belgium,2015,0.916,11589.623,100.17494
Belgium,2016,0.916,11589.623,100.558
Belgium,2017,0.916,11589.623,100.92584000000001
Belize,2010,0.708,397.628,48.70472000000001
Belize,2011,0.708,397.628,55.78336000000001
Belize,2012,0.708,397.628,53.72764000000001
Belize,2013,0.708,397.628,54.39774
Belize,2014,0.708,397.628,54.881479999999996
Belize,2015,0.708,397.628,54.21894
Belize,2016,0.708,397.628,52.943520000000014
Belize,2017,0.708,397.628,51.74148
Benin,2010,0.515,12123.2,27.251679999999993
Benin,2011,0.515,12123.2,28.9422528
Benin,2012,0.515,12123.2,28.910659999999996
Benin,2013,0.515,12123.2,29.647192600000004
Benin,2014,0.515,12123.2,30.20804
Benin,2015,0.515,12123.2,30.375
Benin,2016,0.515,12123.2,30.466820000000006
Benin,2017,0.515,12123.2,30.61582
Bhutan,2010,0.612,771.608,55.33282000000002
Bhutan,2011,0.612,771.608,65.66784
Bhutan,2012,0.612,771.608,63.98106
Bhutan,2013,0.612,771.608,66.26454
Bhutan,2014,0.612,771.608,66.2689
Bhutan,2015,0.612,771.608,66.79576
Bhutan,2016,0.612,771.608,67.74604000000001
Bhutan,2017,0.612,771.608,68.74340000000001
Bosnia and Herzegovina,2010,0.768,3280.819,63.39794000000001
Bosnia and Herzegovina,2011,0.768,3280.819,66.68860000000001
Bosnia and Herzegovina,2012,0.768,3280.819,54.55921999999999
Bosnia and Herzegovina,2013,0.768,3280.819,58.51248
Bosnia and Herzegovina,2014,0.768,3280.819,60.15522000000001
Bosnia and Herzegovina,2015,0.768,3280.819,64.29387999999999
Bosnia and Herzegovina,2016,0.768,3280.819,66.91582
Bosnia and Herzegovina,2017,0.768,3280.819,69.41185999999999
Botswana,2010,0.717,2351.627,179.68100000000004
Botswana,2011,0.717,2351.627,164.69237999999999
Botswana,2012,0.717,2351.627,168.16688000000002
Botswana,2013,0.717,2351.627,177.80146
Botswana,2014,0.717,2351.627,173.00367999999997
Botswana,2015,0.717,2351.627,172.90984000000003
Botswana,2016,0.717,2351.627,171.92676
Botswana,2017,0.717,2351.627,170.97226
Brazil,2010,0.759,212559.417,71.41040000000001
Brazil,2011,0.759,212559.417,75.5097400504
Brazil,2012,0.759,212559.417,73.13236010960001
Brazil,2013,0.759,212559.417,71.55335999999998
Brazil,2014,0.759,212559.417,71.66316000000002
Brazil,2015,0.759,212559.417,72.53974
Brazil,2016,0.759,212559.417,74.03439999999999
Brazil,2017,0.759,212559.417,75.8976
Bulgaria,2010,0.813,6948.445,86.84768
Bulgaria,2011,0.813,6948.445,100.72016000000002
Bulgaria,2012,0.813,6948.445,96.49283999999999
Bulgaria,2013,0.813,6948.445,94.88399999999999
Bulgaria,2014,0.813,6948.445,101.46587999999998
Bulgaria,2015,0.813,6948.445,107.91454
Bulgaria,2016,0.813,6948.445,110.62448
Bulgaria,2017,0.813,6948.445,113.35236
Burkina Faso,2010,0.423,20903.273,23.362419999999993
Burkina Faso,2011,0.423,20903.273,22.032239999999998
Burkina Faso,2012,0.423,20903.273,23.185760000000002
Burkina Faso,2013,0.423,20903.273,24.40414
Burkina Faso,2014,0.423,20903.273,24.075519999999994
Burkina Faso,2015,0.423,20903.273,24.230820000000005
Burkina Faso,2016,0.423,20903.273,24.543379999999996
Burkina Faso,2017,0.423,20903.273,24.850760000000005
Burundi,2010,0.417,11890.784,11.819480000000002
Burundi,2011,0.417,11890.784,11.625020000000001
Burundi,2012,0.417,11890.784,9.928600000000001
Burundi,2013,0.417,11890.784,11.417240000000001
Burundi,2014,0.417,11890.784,11.009779999999996
Burundi,2015,0.417,11890.784,10.837879999999998
Burundi,2016,0.417,11890.784,10.63716
Burundi,2017,0.417,11890.784,10.461760000000002
Cambodia,2010,0.582,16718.965,36.3226
Cambodia,2011,0.582,16718.965,25.38528
Cambodia,2012,0.582,16718.965,27.273480000000003
Cambodia,2013,0.582,16718.965,26.32738
Cambodia,2014,0.582,16718.965,27.84087999999999
Cambodia,2015,0.582,16718.965,29.33338
Cambodia,2016,0.582,16718.965,30.535980000000006
Cambodia,2017,0.582,16718.965,31.86454
Cameroon,2010,0.556,26545.863,23.63408
Cameroon,2011,0.556,26545.863,23.93628
Cameroon,2012,0.556,26545.863,24.08098
Cameroon,2013,0.556,26545.863,23.63186
Cameroon,2014,0.556,26545.863,24.440900000000003
Cameroon,2015,0.556,26545.863,24.63656
Cameroon,2016,0.556,26545.863,24.800139999999992
Cameroon,2017,0.556,26545.863,25.039260000000002
Canada,2010,0.926,37742.154,165.87384000000003
Canada,2011,0.926,37742.154,168.64772
Canada,2012,0.926,37742.154,163.74442
Canada,2013,0.926,37742.154,176.77663999999996
Canada,2014,0.926,37742.154,170.35466
Canada,2015,0.926,37742.154,167.21758000000005
Canada,2016,0.926,37742.154,166.64565999999996
Canada,2017,0.926,37742.154,166.14857999999998
Central African Republic,2010,0.367,4829.767,18.714180000000002
Central African Republic,2011,0.367,4829.767,19.74692
Central African Republic,2012,0.367,4829.767,20.224740000000004
Central African Republic,2013,0.367,4829.767,20.146020000000004
Central African Republic,2014,0.367,4829.767,19.728139999999996
Central African Republic,2015,0.367,4829.767,20.003559999999997
Central African Republic,2016,0.367,4829.767,20.16606
Central African Republic,2017,0.367,4829.767,20.2981356
Chad,2010,0.404,16425.864,17.093040000000002
Chad,2011,0.404,16425.864,15.613219999999998
Chad,2012,0.404,16425.864,17.549099999999996
Chad,2013,0.404,16425.864,16.124660000000002
Chad,2014,0.404,16425.864,15.816779999999996
Chad,2015,0.404,16425.864,15.55622
Chad,2016,0.404,16425.864,15.336940000000002
Chad,2017,0.404,16425.864,15.14474
Chile,2010,0.843,19116.201,171.9597
Chile,2011,0.843,19116.201,174.2044
Chile,2012,0.843,19116.201,178.11544000000006
Chile,2013,0.843,19116.201,182.75601999999998
Chile,2014,0.843,19116.201,180.35878
Chile,2015,0.843,19116.201,180.7416
Chile,2016,0.843,19116.201,181.79182000000006
Chile,2017,0.843,19116.201,182.85487999999998
China,2010,0.752,1439323.776,117.02484000000001
China,2011,0.752,1439323.776,126.24047999999999
China,2012,0.752,1439323.776,130.56922
China,2013,0.752,1439323.776,135.77841999999998
China,2014,0.752,1439323.776,138.60385999999997
China,2015,0.752,1439323.776,142.09416000000002
China,2016,0.752,1439323.776,147.28806
China,2017,0.752,1439323.776,152.53316000000004
Colombia,2010,0.747,50882.891,29.731041088
Colombia,2011,0.747,50882.891,31.258061637999994
Colombia,2012,0.747,50882.891,31.703599999999994
Colombia,2013,0.747,50882.891,31.60446
Colombia,2014,0.747,50882.891,32.638680000000015
Colombia,2015,0.747,50882.891,33.21708
Colombia,2016,0.747,50882.891,33.535199999999996
Colombia,2017,0.747,50882.891,33.877559999999995
Comoros,2010,0.503,869.601,52.871500000000005
Comoros,2011,0.503,869.601,17.124679999999998
Comoros,2012,0.503,869.601,17.709159999999997
Comoros,2013,0.503,869.601,18.279139999999998
Comoros,2014,0.503,869.601,18.64656
Comoros,2015,0.503,869.601,19.37268
Comoros,2016,0.503,869.601,20.10578
Comoros,2017,0.503,869.601,20.820379999999997
Costa Rica,2010,0.794,5094.118,45.618539999999996
Costa Rica,2011,0.794,5094.118,46.388045999999996
Costa Rica,2012,0.794,5094.118,43.410382999999996
Costa Rica,2013,0.794,5094.118,43.31664120000001
Costa Rica,2014,0.794,5094.118,44.964428
Costa Rica,2015,0.794,5094.118,44.92143440000001
Costa Rica,2016,0.794,5094.118,45.191140999999995
Costa Rica,2017,0.794,5094.118,45.52398720000001
Croatia,2010,0.831,4105.267,57.461359999999985
Croatia,2011,0.831,4105.267,59.74601999999999
Croatia,2012,0.831,4105.267,44.020900000000005
Croatia,2013,0.831,4105.267,43.19874000000001
Croatia,2014,0.831,4105.267,41.97089999999999
Croatia,2015,0.831,4105.267,41.25449999999999
Croatia,2016,0.831,4105.267,40.1615
Croatia,2017,0.831,4105.267,39.04410000000001
Cuba,2010,0.777,11326.616,40.80712
Cuba,2011,0.777,11326.616,41.23162
Cuba,2012,0.777,11326.616,38.0221
Cuba,2013,0.777,11326.616,38.1892
Cuba,2014,0.777,11326.616,35.91912000000001
Cuba,2015,0.777,11326.616,36.06164
Cuba,2016,0.777,11326.616,35.67388
Cuba,2017,0.777,11326.616,35.104659999999996
Cyprus,2010,0.869,1207.359,125.35455999999998
Cyprus,2011,0.869,1207.359,114.16903999999998
Cyprus,2012,0.869,1207.359,87.36714
Cyprus,2013,0.869,1207.359,67.21917999999998
Cyprus,2014,0.869,1207.359,64.79174
Cyprus,2015,0.869,1207.359,63.55228000000001
Cyprus,2016,0.869,1207.359,62.30807999999998
Cyprus,2017,0.869,1207.359,61.07706
Denmark,2010,0.929,5792.202,105.03075999999999
Denmark,2011,0.929,5792.202,115.88177999999999
Denmark,2012,0.929,5792.202,107.85552000000003
Denmark,2013,0.929,5792.202,108.09085999999998
Denmark,2014,0.929,5792.202,104.08175999999999
Denmark,2015,0.929,5792.202,100.85358
Denmark,2016,0.929,5792.202,97.96548
Denmark,2017,0.929,5792.202,95.05284000000002
Djibouti,2010,0.476,988.0,10.88732
Djibouti,2011,0.476,988.0,12.439480000000001
Djibouti,2012,0.476,988.0,14.49724
Djibouti,2013,0.476,988.0,15.986619999999998
Djibouti,2014,0.476,988.0,16.68224
Djibouti,2015,0.476,988.0,16.860259999999997
Djibouti,2016,0.476,988.0,17.16894
Djibouti,2017,0.476,988.0,17.644419999999997
Dominica,2010,0.715,71.986,25.798539999999996
Dominica,2011,0.715,71.986,26.49004
Dominica,2012,0.715,71.986,26.915680000000002
Dominica,2013,0.715,71.986,26.390499999999996
Dominica,2014,0.715,71.986,25.90886
Dominica,2015,0.715,71.986,25.444100000000002
Dominica,2016,0.715,71.986,24.97778
Dominica,2017,0.715,71.986,24.387180000000008
Dominican Republic,2010,0.736,10847.91,27.623499999999996
Dominican Republic,2011,0.736,10847.91,26.731099999999998
Dominican Republic,2012,0.736,10847.91,28.870499999999996
Dominican Republic,2013,0.736,10847.91,28.790620000000004
Dominican Republic,2014,0.736,10847.91,30.00194000000001
Dominican Republic,2015,0.736,10847.91,29.594620000000006
Dominican Republic,2016,0.736,10847.91,29.556320000000003
Dominican Republic,2017,0.736,10847.91,27.067680000000003
Ecuador,2010,0.752,17643.054,45.87626000000001
Ecuador,2011,0.752,17643.054,48.46237999999998
Ecuador,2012,0.752,17643.054,46.35962000000001
Ecuador,2013,0.752,17643.054,46.89058
Ecuador,2014,0.752,17643.054,46.67966
Ecuador,2015,0.752,17643.054,47.130799999999994
Ecuador,2016,0.752,17643.054,47.82598
Ecuador,2017,0.752,17643.054,48.09442
Egypt,2010,0.696,102334.404,47.046240000000004
Egypt,2011,0.696,102334.404,43.108399999999996
Egypt,2012,0.696,102334.404,43.89415999999999
Egypt,2013,0.696,102334.404,43.86292
Egypt,2014,0.696,102334.404,43.128779999999985
Egypt,2015,0.696,102334.404,45.112339999999996
Egypt,2016,0.696,102334.404,46.7025
Egypt,2017,0.696,102334.404,47.051759999999994
El Salvador,2010,0.674,6486.205,24.67842
El Salvador,2011,0.674,6486.205,24.307059999999996
El Salvador,2012,0.674,6486.205,24.877980000000004
El Salvador,2013,0.674,6486.205,25.08356
El Salvador,2014,0.674,6486.205,24.996300000000005
El Salvador,2015,0.674,6486.205,24.895960000000002
El Salvador,2016,0.674,6486.205,24.967719999999996
El Salvador,2017,0.674,6486.205,24.993779999999997
Equatorial Guinea,2010,0.591,1402.985,128.33708000000001
Equatorial Guinea,2011,0.591,1402.985,132.21715999999998
Equatorial Guinea,2012,0.591,1402.985,123.26148
Equatorial Guinea,2013,0.591,1402.985,112.82524000000002
Equatorial Guinea,2014,0.591,1402.985,113.36764000000001
Equatorial Guinea,2015,0.591,1402.985,114.0542
Equatorial Guinea,2016,0.591,1402.985,114.69630000000001
Equatorial Guinea,2017,0.591,1402.985,115.29945999999998
Eritrea,2010,0.44,3546.421,7.68538
Eritrea,2011,0.44,3546.421,10.136620000000002
Eritrea,2012,0.44,3546.421,9.521100000000002
Eritrea,2013,0.44,3546.421,9.627199999999998
Eritrea,2014,0.44,3546.421,14.7497
Eritrea,2015,0.44,3546.421,20.159900000000004
Eritrea,2016,0.44,3546.421,25.293999999999997
Eritrea,2017,0.44,3546.421,18.333679999999998
Estonia,2010,0.871,1326.535,175.07488
Estonia,2011,0.871,1326.535,180.66416
Estonia,2012,0.871,1326.535,185.97566000000003
Estonia,2013,0.871,1326.535,206.59359999999998
Estonia,2014,0.871,1326.535,207.40266000000003
Estonia,2015,0.871,1326.535,199.86872000000002
Estonia,2016,0.871,1326.535,206.29342000000003
Estonia,2017,0.871,1326.535,212.66329999999996
Ethiopia,2010,0.463,114963.588,16.11666
Ethiopia,2011,0.463,114963.588,16.377499999999998
Ethiopia,2012,0.463,114963.588,16.527140000000003
Ethiopia,2013,0.463,114963.588,17.050839999999997
Ethiopia,2014,0.463,114963.588,17.36044
Ethiopia,2015,0.463,114963.588,17.652980000000003
Ethiopia,2016,0.463,114963.588,18.05494
Ethiopia,2017,0.463,114963.588,17.805560000000003
Fiji,2010,0.741,896.445,40.74862
Fiji,2011,0.741,896.445,39.9623
Fiji,2012,0.741,896.445,36.345060000000004
Fiji,2013,0.741,896.445,34.725539999999995
Fiji,2014,0.741,896.445,39.3935
Fiji,2015,0.741,896.445,38.26494000000001
Fiji,2016,0.741,896.445,36.93666
Fiji,2017,0.741,896.445,33.17654
Finland,2010,0.92,5540.72,153.06851999999998
Finland,2011,0.92,5540.72,159.88578
Finland,2012,0.92,5540.72,149.11916000000002
Finland,2013,0.92,5540.72,154.63168000000002
Finland,2014,0.92,5540.72,151.937
Finland,2015,0.92,5540.72,146.69634000000002
Finland,2016,0.92,5540.72,146.63668
Finland,2017,0.92,5540.72,142.48599999999996
France,2010,0.901,65273.511,78.04812000000001
France,2011,0.901,65273.511,78.8468
France,2012,0.901,65273.511,76.30461999999999
France,2013,0.901,65273.511,75.88221999999999
France,2014,0.901,65273.511,74.41628
France,2015,0.901,65273.511,74.07458
France,2016,0.901,65273.511,73.20734
France,2017,0.901,65273.511,71.89662
Gabon,2010,0.702,2225.734,30.7368
Gabon,2011,0.702,2225.734,32.1931
Gabon,2012,0.702,2225.734,31.38930000000001
Gabon,2013,0.702,2225.734,32.947720000000004
Gabon,2014,0.702,2225.734,32.34944
Gabon,2015,0.702,2225.734,31.645080000000004
Gabon,2016,0.702,2225.734,31.346259999999994
Gabon,2017,0.702,2225.734,26.427660000000007
Gambia,2010,0.46,2416.668,19.772599999999997
Gambia,2011,0.46,2416.668,15.3251
Gambia,2012,0.46,2416.668,15.984759999999998
Gambia,2013,0.46,2416.668,15.763240000000001
Gambia,2014,0.46,2416.668,14.913979999999999
Gambia,2015,0.46,2416.668,14.939159999999998
Gambia,2016,0.46,2416.668,15.040680000000002
Gambia,2017,0.46,2416.668,15.110339999999997
Georgia,2010,0.78,3989.167,28.846120000000003
Georgia,2011,0.78,3989.167,28.659699999999997
Georgia,2012,0.78,3989.167,30.321400000000004
Georgia,2013,0.78,3989.167,33.36488000000001
Georgia,2014,0.78,3989.167,36.643440000000005
Georgia,2015,0.78,3989.167,37.817499999999995
Georgia,2016,0.78,3989.167,39.25715999999999
Georgia,2017,0.78,3989.167,39.2641
Germany,2010,0.936,83783.942,89.53462000000002
Germany,2011,0.936,83783.942,92.8557
Germany,2012,0.936,83783.942,90.56791999999999
Germany,2013,0.936,83783.942,89.91704
Germany,2014,0.936,83783.942,90.12780000000001
Germany,2015,0.936,83783.942,90.58314
Germany,2016,0.936,83783.942,90.12286000000002
Germany,2017,0.936,83783.942,88.72030000000001
Ghana,2010,0.592,31072.94,35.48756000000001
Ghana,2011,0.592,31072.94,37.44186
Ghana,2012,0.592,31072.94,37.80402
Ghana,2013,0.592,31072.94,37.23066
Ghana,2014,0.592,31072.94,38.43206
Ghana,2015,0.592,31072.94,38.82354
Ghana,2016,0.592,31072.94,39.30216000000001
Ghana,2017,0.592,31072.94,37.86788000000001
Greece,2010,0.87,10423.054,92.67678
Greece,2011,0.87,10423.054,89.43948000000002
Greece,2012,0.87,10423.054,87.64568000000001
Greece,2013,0.87,10423.054,76.63746
Greece,2014,0.87,10423.054,74.07263999999999
Greece,2015,0.87,10423.054,69.71428
Greece,2016,0.87,10423.054,65.72492
Greece,2017,0.87,10423.054,60.71249999999999
Grenada,2010,0.772,112.523,5.31598
Grenada,2011,0.772,112.523,5.2477599999999995
Grenada,2012,0.772,112.523,5.73492
Grenada,2013,0.772,112.523,5.16374
Grenada,2014,0.772,112.523,4.8896999999999995
Grenada,2015,0.772,112.523,4.8467400000000005
Grenada,2016,0.772,112.523,4.80272
Grenada,2017,0.772,112.523,4.73606
Guatemala,2010,0.65,17915.568,27.0246478
Guatemala,2011,0.65,17915.568,27.8867586
Guatemala,2012,0.65,17915.568,27.12016
Guatemala,2013,0.65,17915.568,27.68824
Guatemala,2014,0.65,17915.568,28.866339999999997
Guatemala,2015,0.65,17915.568,29.343259999999994
Guatemala,2016,0.65,17915.568,29.440499999999993
Guatemala,2017,0.65,17915.568,28.904120000000002
Guinea,2010,0.459,13132.795,28.77359996000001
Guinea,2011,0.459,13132.795,28.199658520000003
Guinea,2012,0.459,13132.795,28.49383812
Guinea,2013,0.459,13132.795,24.246257720000003
Guinea,2014,0.459,13132.795,22.34125708
Guinea,2015,0.459,13132.795,22.243956479999998
Guinea,2016,0.459,13132.795,22.172975840000003
Guinea,2017,0.459,13132.795,21.63381524
Guinea-Bissau,2010,0.455,1968.001,23.742099999999994
Guinea-Bissau,2011,0.455,1968.001,23.45048
Guinea-Bissau,2012,0.455,1968.001,24.120979999999996
Guinea-Bissau,2013,0.455,1968.001,24.09726
Guinea-Bissau,2014,0.455,1968.001,23.094720000000002
Guinea-Bissau,2015,0.455,1968.001,22.968440000000005
Guinea-Bissau,2016,0.455,1968.001,23.07804
Guinea-Bissau,2017,0.455,1968.001,23.190979999999996
Guyana,2010,0.654,786.552,86.05628000000002
Guyana,2011,0.654,786.552,102.99452
Guyana,2012,0.654,786.552,100.84991999999998
Guyana,2013,0.654,786.552,110.89514
Guyana,2014,0.654,786.552,108.03846
Guyana,2015,0.654,786.552,108.02256000000001
Guyana,2016,0.654,786.552,107.6193
Guyana,2017,0.654,786.552,84.14216
Haiti,2010,0.498,11402.528,7.15146
Haiti,2011,0.498,11402.528,7.009299999999999
Haiti,2012,0.498,11402.528,6.972019999999999
Haiti,2013,0.498,11402.528,7.303819999999998
Haiti,2014,0.498,11402.528,7.49462
Haiti,2015,0.498,11402.528,7.534199999999999
Haiti,2016,0.498,11402.528,7.6001
Haiti,2017,0.498,11402.528,7.69392
Honduras,2010,0.617,9904.607,26.004119999999997
Honduras,2011,0.617,9904.607,25.24066000000001
Honduras,2012,0.617,9904.607,24.4343124
Honduras,2013,0.617,9904.607,24.45572
Honduras,2014,0.617,9904.607,23.81436348
Honduras,2015,0.617,9904.607,23.831909720000002
Honduras,2016,0.617,9904.607,23.95167578
Honduras,2017,0.617,9904.607,23.881341600000006
Hungary,2010,0.838,9660.351,68.3468
Hungary,2011,0.838,9660.351,66.15950000000001
Hungary,2012,0.838,9660.351,59.97482000000001
Hungary,2013,0.838,9660.351,66.4781
Hungary,2014,0.838,9660.351,108.84844000000002
Hungary,2015,0.838,9660.351,109.45532000000001
Hungary,2016,0.838,9660.351,109.29792000000003
Hungary,2017,0.838,9660.351,101.84393999999998
Iceland,2010,0.935,341.243,88.70191999999999
Iceland,2011,0.935,341.243,86.2472
Iceland,2012,0.935,341.243,69.30898
Iceland,2013,0.935,341.243,70.79827999999999
Iceland,2014,0.935,341.243,66.44220000000001
Iceland,2015,0.935,341.243,63.38390000000001
Iceland,2016,0.935,341.243,59.911419999999985
Iceland,2017,0.935,341.243,53.01523999999999
India,2010,0.64,1380004.385,28.200459999999996
India,2011,0.64,1380004.385,30.63366
India,2012,0.64,1380004.385,30.796180000000003
India,2013,0.64,1380004.385,31.075359999999996
India,2014,0.64,1380004.385,31.6958
India,2015,0.64,1380004.385,32.14102
India,2016,0.64,1380004.385,32.72374
India,2017,0.64,1380004.385,33.04550000000001
Indonesia,2010,0.694,273523.615,39.07213999999999
Indonesia,2011,0.694,273523.615,40.66048
Indonesia,2012,0.694,273523.615,43.08254000000001
Indonesia,2013,0.694,273523.615,42.96209999999999
Indonesia,2014,0.694,273523.615,37.521119999999996
Indonesia,2015,0.694,273523.615,38.796020000000006
Indonesia,2016,0.694,273523.615,39.59034
Indonesia,2017,0.694,273523.615,35.75764000000001
Iraq,2010,0.685,40222.493,30.154040000000002
Iraq,2011,0.685,40222.493,34.669059999999995
Iraq,2012,0.685,40222.493,34.70899999999999
Iraq,2013,0.685,40222.493,35.367020000000004
Iraq,2014,0.685,40222.493,34.920639999999985
Iraq,2015,0.685,40222.493,37.712579999999996
Iraq,2016,0.685,40222.493,37.69910000000001
Iraq,2017,0.685,40222.493,37.72262
Ireland,2010,0.938,4937.786,89.85862
Ireland,2011,0.938,4937.786,82.70085999999999
Ireland,2012,0.938,4937.786,78.22186
Ireland,2013,0.938,4937.786,86.56237999999998
Ireland,2014,0.938,4937.786,83.19905999999999
Ireland,2015,0.938,4937.786,82.48778
Ireland,2016,0.938,4937.786,81.22796
Ireland,2017,0.938,4937.786,77.9064
Israel,2010,0.903,8655.535,83.29466
Israel,2011,0.903,8655.535,82.2617
Israel,2012,0.903,8655.535,84.01289999999999
Israel,2013,0.903,8655.535,81.38188000000002
Israel,2014,0.903,8655.535,80.02408
Israel,2015,0.903,8655.535,80.14714
Israel,2016,0.903,8655.535,79.10163999999999
Israel,2017,0.903,8655.535,77.68121999999998
Italy,2010,0.88,60461.826,74.79402
Italy,2011,0.88,60461.826,70.18495999999999
Italy,2012,0.88,60461.826,54.96454
Italy,2013,0.88,60461.826,47.53716
Italy,2014,0.88,60461.826,47.86947999999999
Italy,2015,0.88,60461.826,46.594539999999995
Italy,2016,0.88,60461.826,44.44131999999999
Italy,2017,0.88,60461.826,41.9316
Jamaica,2010,0.732,2961.167,37.72348
Jamaica,2011,0.732,2961.167,42.962440000000015
Jamaica,2012,0.732,2961.167,36.809439999999995
Jamaica,2013,0.732,2961.167,36.860879999999995
Jamaica,2014,0.732,2961.167,37.39200000000001
Jamaica,2015,0.732,2961.167,36.82246
Jamaica,2016,0.732,2961.167,35.88314
Jamaica,2017,0.732,2961.167,33.512179999999994
Japan,2010,0.909,126476.461,60.278620000000004
Japan,2011,0.909,126476.461,60.03008
Japan,2012,0.909,126476.461,60.42029999999999
Japan,2013,0.909,126476.461,59.650600000000004
Japan,2014,0.909,126476.461,58.140859999999996
Japan,2015,0.909,126476.461,56.92394
Japan,2016,0.909,126476.461,55.94990000000001
Japan,2017,0.909,126476.461,53.37744000000001
Jordan,2010,0.735,10203.134,53.43944
Jordan,2011,0.735,10203.134,53.50431999999999
Jordan,2012,0.735,10203.134,48.573460000000004
Jordan,2013,0.735,10203.134,46.37405999999999
Jordan,2014,0.735,10203.134,45.186299999999996
Jordan,2015,0.735,10203.134,43.92923999999999
Jordan,2016,0.735,10203.134,43.04282
Jordan,2017,0.735,10203.134,42.47726000000001
Kazakhstan,2010,0.8,18776.707,146.0241
Kazakhstan,2011,0.8,18776.707,158.99179999999998
Kazakhstan,2012,0.8,18776.707,151.45048000000003
Kazakhstan,2013,0.8,18776.707,160.99248000000003
Kazakhstan,2014,0.8,18776.707,157.90544000000003
Kazakhstan,2015,0.8,18776.707,157.30138000000002
Kazakhstan,2016,0.8,18776.707,160.86112
Kazakhstan,2017,0.8,18776.707,144.4242
Kenya,2010,0.59,53771.296,21.2997
Kenya,2011,0.59,53771.296,19.5982
Kenya,2012,0.59,53771.296,19.757780000000004
Kenya,2013,0.59,53771.296,19.674959999999995
Kenya,2014,0.59,53771.296,19.21576
Kenya,2015,0.59,53771.296,19.19694
Kenya,2016,0.59,53771.296,19.299900000000004
Kenya,2017,0.59,53771.296,19.332620000000002
Kiribati,2010,0.612,119.449,31.477219999999996
Kiribati,2011,0.612,119.449,30.250600000000002
Kiribati,2012,0.612,119.449,32.02418
Kiribati,2013,0.612,119.449,32.19480000000001
Kiribati,2014,0.612,119.449,34.506359999999994
Kiribati,2015,0.612,119.449,35.487640000000006
Kiribati,2016,0.612,119.449,36.66142
Kiribati,2017,0.612,119.449,37.89536
Kuwait,2010,0.803,4270.571,143.0305
Kuwait,2011,0.803,4270.571,146.57798
Kuwait,2012,0.803,4270.571,146.15266000000003
Kuwait,2013,0.803,4270.571,176.88940000000002
Kuwait,2014,0.803,4270.571,171.87743999999998
Kuwait,2015,0.803,4270.571,177.88016000000002
Kuwait,2016,0.803,4270.571,177.37596000000005
Kuwait,2017,0.803,4270.571,177.64366000000004
Kyrgyzstan,2010,0.672,6524.195,42.25371999999999
Kyrgyzstan,2011,0.672,6524.195,43.89888
Kyrgyzstan,2012,0.672,6524.195,46.23994
Kyrgyzstan,2013,0.672,6524.195,48.884939999999986
Kyrgyzstan,2014,0.672,6524.195,49.23655999999999
Kyrgyzstan,2015,0.672,6524.195,49.21627999999998
Kyrgyzstan,2016,0.672,6524.195,49.50226
Kyrgyzstan,2017,0.672,6524.195,48.57450000000001
Latvia,2010,0.847,1886.198,64.28376
Latvia,2011,0.847,1886.198,75.29364000000001
Latvia,2012,0.847,1886.198,81.49462
Latvia,2013,0.847,1886.198,80.92750000000001
Latvia,2014,0.847,1886.198,92.04633999999999
Latvia,2015,0.847,1886.198,96.68857999999999
Latvia,2016,0.847,1886.198,100.21002000000001
Latvia,2017,0.847,1886.198,103.66453999999999
Lebanon,2010,0.757,6825.445,69.78832
Lebanon,2011,0.757,6825.445,68.83028
Lebanon,2012,0.757,6825.445,66.64836
Lebanon,2013,0.757,6825.445,64.32906000000001
Lebanon,2014,0.757,6825.445,61.88678
Lebanon,2015,0.757,6825.445,60.52158
Lebanon,2016,0.757,6825.445,60.12404
Lebanon,2017,0.757,6825.445,59.97238
Lesotho,2010,0.52,2142.249,28.233040000000006
Lesotho,2011,0.52,2142.249,44.46236
Lesotho,2012,0.52,2142.249,79.5694
Lesotho,2013,0.52,2142.249,69.57352
Lesotho,2014,0.52,2142.249,69.51375999999999
Lesotho,2015,0.52,2142.249,69.65704
Lesotho,2016,0.52,2142.249,69.80538
Lesotho,2017,0.52,2142.249,69.93575999999999
Liberia,2010,0.435,5057.681,14.115200000000002
Liberia,2011,0.435,5057.681,14.415299999999997
Liberia,2012,0.435,5057.681,18.27812
Liberia,2013,0.435,5057.681,22.560500000000005
Liberia,2014,0.435,5057.681,22.7811
Liberia,2015,0.435,5057.681,21.672979999999995
Liberia,2016,0.435,5057.681,20.805259999999993
Liberia,2017,0.435,5057.681,18.345920000000003
Libya,2010,0.706,6871.292,104.09998
Libya,2011,0.706,6871.292,54.501580000000004
Libya,2012,0.706,6871.292,57.6051
Libya,2013,0.706,6871.292,58.697340000000004
Libya,2014,0.706,6871.292,65.47824000000001
Libya,2015,0.706,6871.292,65.59997999999999
Libya,2016,0.706,6871.292,66.21221999999999
Libya,2017,0.706,6871.292,66.27151999999998
Lithuania,2010,0.858,2722.289,65.6516
Lithuania,2011,0.858,2722.289,72.62742000000001
Lithuania,2012,0.858,2722.289,74.82908
Lithuania,2013,0.858,2722.289,79.91278000000001
Lithuania,2014,0.858,2722.289,85.58406000000001
Lithuania,2015,0.858,2722.289,87.64969999999998
Lithuania,2016,0.858,2722.289,90.08524
Lithuania,2017,0.858,2722.289,92.3423
Luxembourg,2010,0.904,625.978,176.71476000000004
Luxembourg,2011,0.904,625.978,174.88082
Luxembourg,2012,0.904,625.978,170.59262
Luxembourg,2013,0.904,625.978,172.4831
Luxembourg,2014,0.904,625.978,174.5968
Luxembourg,2015,0.904,625.978,173.41513999999998
Luxembourg,2016,0.904,625.978,174.15318000000005
Luxembourg,2017,0.904,625.978,173.74576
Madagascar,2010,0.519,27691.018,15.462959999999999
Madagascar,2011,0.519,27691.018,15.062779999999998
Madagascar,2012,0.519,27691.018,15.046799999999996
Madagascar,2013,0.519,27691.018,14.351099999999999
Madagascar,2014,0.519,27691.018,14.37922
Madagascar,2015,0.519,27691.018,14.375020000000001
Madagascar,2016,0.519,27691.018,14.412319999999996
Madagascar,2017,0.519,27691.018,14.441519999999999
Malawi,2010,0.477,19129.952,18.129860000000004
Malawi,2011,0.477,19129.952,18.548959999999997
Malawi,2012,0.477,19129.952,19.218339999999998
Malawi,2013,0.477,19129.952,19.502459999999996
Malawi,2014,0.477,19129.952,19.52402
Malawi,2015,0.477,19129.952,19.66394
Malawi,2016,0.477,19129.952,19.814860000000003
Malawi,2017,0.477,19129.952,19.959999999999994
Malaysia,2010,0.802,32365.999,112.95438000000001
Malaysia,2011,0.802,32365.999,108.70484000000002
Malaysia,2012,0.802,32365.999,93.22928
Malaysia,2013,0.802,32365.999,95.33023999999999
Malaysia,2014,0.802,32365.999,94.42796000000004
Malaysia,2015,0.802,32365.999,96.25916000000001
Malaysia,2016,0.802,32365.999,97.86757999999996
Malaysia,2017,0.802,32365.999,99.16915999999998
Maldives,2010,0.717,540.544,36.70474
Maldives,2011,0.717,540.544,37.26529999999999
Maldives,2012,0.717,540.544,37.90302518000001
Maldives,2013,0.717,540.544,33.47969006000001
Maldives,2014,0.717,540.544,38.14942902000001
Maldives,2015,0.717,540.544,39.034188040000004
Maldives,2016,0.717,540.544,40.01918712
Maldives,2017,0.717,540.544,40.89232624
Mali,2010,0.427,20250.833,31.6701
Mali,2011,0.427,20250.833,30.82592
Mali,2012,0.427,20250.833,32.55796
Mali,2013,0.427,20250.833,31.14696
Mali,2014,0.427,20250.833,32.59128
Mali,2015,0.427,20250.833,33.00800000000001
Mali,2016,0.427,20250.833,33.26956
Mali,2017,0.427,20250.833,32.26188000000001
Malta,2010,0.878,441.543,104.45700000000001
Malta,2011,0.878,441.543,100.0306
Malta,2012,0.878,441.543,96.52998000000001
Malta,2013,0.878,441.543,100.47071999999999
Malta,2014,0.878,441.543,96.65570000000002
Malta,2015,0.878,441.543,95.54246000000002
Malta,2016,0.878,441.543,94.39403999999999
Malta,2017,0.878,441.543,93.07518000000002
Marshall Islands,2010,0.708,59.19,16.424020000000002
Marshall Islands,2011,0.708,59.19,13.385799999999998
Marshall Islands,2012,0.708,59.19,10.69088
Marshall Islands,2013,0.708,59.19,11.107840000000001
Marshall Islands,2014,0.708,59.19,10.58916
Marshall Islands,2015,0.708,59.19,10.95618
Marshall Islands,2016,0.708,59.19,11.425620000000002
Marshall Islands,2017,0.708,59.19,11.949840000000002
Mauritania,2010,0.52,4649.658,64.2508
Mauritania,2011,0.52,4649.658,62.27528
Mauritania,2012,0.52,4649.658,39.0322
Mauritania,2013,0.52,4649.658,40.0907
Mauritania,2014,0.52,4649.658,41.44768
Mauritania,2015,0.52,4649.658,41.66334
Mauritania,2016,0.52,4649.658,42.06848
Mauritania,2017,0.52,4649.658,39.06414
Mauritius,2010,0.79,1271.768,70.02546
Mauritius,2011,0.79,1271.768,71.62943999999999
Mauritius,2012,0.79,1271.768,70.44736
Mauritius,2013,0.79,1271.768,69.69094000000001
Mauritius,2014,0.79,1271.768,70.77825999999999
Mauritius,2015,0.79,1271.768,70.8786
Mauritius,2016,0.79,1271.768,70.45474
Mauritius,2017,0.79,1271.768,69.70408
Mexico,2010,0.774,128932.753,47.18122000000001
Mexico,2011,0.774,128932.753,47.330300000000015
Mexico,2012,0.774,128932.753,46.39695999999999
Mexico,2013,0.774,128932.753,46.24587999999999
Mexico,2014,0.774,128932.753,44.22824
Mexico,2015,0.774,128932.753,43.96868
Mexico,2016,0.774,128932.753,43.98991999999999
Mexico,2017,0.774,128932.753,38.98446
Micronesia,2010,0.627,115.023,7.073340000000001
Micronesia,2011,0.627,115.023,6.9198
Micronesia,2012,0.627,115.023,7.15532
Micronesia,2013,0.627,115.023,7.1744
Micronesia,2014,0.627,115.023,7.756100000000001
Micronesia,2015,0.627,115.023,7.983259999999999
Micronesia,2016,0.627,115.023,8.20324
Micronesia,2017,0.627,115.023,8.416860000000002
Mongolia,2010,0.741,3278.29,125.68873999999998
Mongolia,2011,0.741,3278.29,134.10304
Mongolia,2012,0.741,3278.29,135.33115999999998
Mongolia,2013,0.741,3278.29,137.95257999999998
Mongolia,2014,0.741,3278.29,160.62147999999996
Mongolia,2015,0.741,3278.29,165.5742
Mongolia,2016,0.741,3278.29,169.65789999999998
Mongolia,2017,0.741,3278.29,138.13272000000003
Montenegro,2010,0.814,628.066,74.02673999999999
Montenegro,2011,0.814,628.066,70.57168000000001
Montenegro,2012,0.814,628.066,49.12422
Montenegro,2013,0.814,628.066,48.65494000000001
Montenegro,2014,0.814,628.066,50.251920000000005
Montenegro,2015,0.814,628.066,47.77642
Montenegro,2016,0.814,628.066,45.760560000000005
Montenegro,2017,0.814,628.066,43.72198
Morocco,2010,0.667,36910.56,42.784679999999994
Morocco,2011,0.667,36910.56,43.20594
Morocco,2012,0.667,36910.56,42.3888
Morocco,2013,0.667,36910.56,43.59962
Morocco,2014,0.667,36910.56,44.72384000000001
Morocco,2015,0.667,36910.56,45.37799999999999
Morocco,2016,0.667,36910.56,46.24354
Morocco,2017,0.667,36910.56,46.808260000000004
Mozambique,2010,0.437,31255.435,15.661560000000003
Mozambique,2011,0.437,31255.435,16.69072
Mozambique,2012,0.437,31255.435,14.259160000000003
Mozambique,2013,0.437,31255.435,13.861219999999998
Mozambique,2014,0.437,31255.435,14.330919999999997
Mozambique,2015,0.437,31255.435,14.477260000000001
Mozambique,2016,0.437,31255.435,14.603420000000002
Mozambique,2017,0.437,31255.435,14.633999999999997
Myanmar,2010,0.578,54409.8,20.19802
Myanmar,2011,0.578,54409.8,20.109640000000002
Myanmar,2012,0.578,54409.8,18.700680000000002
Myanmar,2013,0.578,54409.8,18.9239
Myanmar,2014,0.578,54409.8,19.834620000000005
Myanmar,2015,0.578,54409.8,20.029079999999993
Myanmar,2016,0.578,54409.8,20.40406
Myanmar,2017,0.578,54409.8,20.476140000000004
Namibia,2010,0.647,2540.905,63.61121999999999
Namibia,2011,0.647,2540.905,58.3034
Namibia,2012,0.647,2540.905,65.67658
Namibia,2013,0.647,2540.905,62.22818
Namibia,2014,0.647,2540.905,59.45574000000001
Namibia,2015,0.647,2540.905,59.124939999999995
Namibia,2016,0.647,2540.905,59.127479999999984
Namibia,2017,0.647,2540.905,50.73819999999999
Nepal,2010,0.574,29136.808,20.621619999999997
Nepal,2011,0.574,29136.808,20.70684
Nepal,2012,0.574,29136.808,21.284019999999995
Nepal,2013,0.574,29136.808,21.2484
Nepal,2014,0.574,29136.808,21.821460000000002
Nepal,2015,0.574,29136.808,22.172100000000004
Nepal,2016,0.574,29136.808,22.53142
Nepal,2017,0.574,29136.808,22.8358
Netherlands,2010,0.931,17134.872,93.3181
Netherlands,2011,0.931,17134.872,94.9902
Netherlands,2012,0.931,17134.872,85.98530000000001
Netherlands,2013,0.931,17134.872,84.38946000000001
Netherlands,2014,0.931,17134.872,87.48679999999997
Netherlands,2015,0.931,17134.872,88.45443999999999
Netherlands,2016,0.931,17134.872,86.58048
Netherlands,2017,0.931,17134.872,83.80882
New Zealand,2010,0.917,4822.233,133.35440000000003
New Zealand,2011,0.917,4822.233,133.61677999999998
New Zealand,2012,0.917,4822.233,132.50410000000002
New Zealand,2013,0.917,4822.233,145.78648
New Zealand,2014,0.917,4822.233,147.97187999999997
New Zealand,2015,0.917,4822.233,146.03664
New Zealand,2016,0.917,4822.233,145.30844
New Zealand,2017,0.917,4822.233,141.67494000000005
Nicaragua,2010,0.658,6624.554,26.75138
Nicaragua,2011,0.658,6624.554,29.249519999999997
Nicaragua,2012,0.658,6624.554,30.06776
Nicaragua,2013,0.658,6624.554,30.969820000000006
Nicaragua,2014,0.658,6624.554,30.845860000000002
Nicaragua,2015,0.658,6624.554,31.087199999999996
Nicaragua,2016,0.658,6624.554,31.549879999999995
Nicaragua,2017,0.658,6624.554,31.028080000000003
Niger,2010,0.354,24206.644,22.05758
Niger,2011,0.354,24206.644,18.980919999999998
Niger,2012,0.354,24206.644,21.89864
Niger,2013,0.354,24206.644,20.657320000000002
Niger,2014,0.354,24206.644,20.97464
Niger,2015,0.354,24206.644,20.672679999999993
Niger,2016,0.354,24206.644,20.460219999999993
Niger,2017,0.354,24206.644,20.02522
Nigeria,2010,0.532,206139.589,25.600999999999996
Nigeria,2011,0.532,206139.589,17.9811
Nigeria,2012,0.532,206139.589,20.298300000000005
Nigeria,2013,0.532,206139.589,19.74116
Nigeria,2014,0.532,206139.589,20.7979
Nigeria,2015,0.532,206139.589,20.75832
Nigeria,2016,0.532,206139.589,20.693000000000005
Nigeria,2017,0.532,206139.589,20.604560000000006
Norway,2010,0.953,5421.241,127.62186
Norway,2011,0.953,5421.241,128.55242
Norway,2012,0.953,5421.241,134.40825999999998
Norway,2013,0.953,5421.241,139.06109999999998
Norway,2014,0.953,5421.241,133.94716
Norway,2015,0.953,5421.241,136.7266
Norway,2016,0.953,5421.241,138.91211999999996
Norway,2017,0.953,5421.241,136.51616
Oman,2010,0.821,5106.626,198.60532
Oman,2011,0.821,5106.626,182.59426000000002
Oman,2012,0.821,5106.626,202.82214
Oman,2013,0.821,5106.626,179.99862
Oman,2014,0.821,5106.626,190.58823999999993
Oman,2015,0.821,5106.626,192.51755999999997
Oman,2016,0.821,5106.626,192.64707999999996
Oman,2017,0.821,5106.626,190.39630000000002
Pakistan,2010,0.562,220892.34,23.566420000000004
Pakistan,2011,0.562,220892.34,24.860259999999997
Pakistan,2012,0.562,220892.34,24.740740000000002
Pakistan,2013,0.562,220892.34,25.142540000000007
Pakistan,2014,0.562,220892.34,26.45172
Pakistan,2015,0.562,220892.34,26.666459999999994
Pakistan,2016,0.562,220892.34,26.7421
Pakistan,2017,0.562,220892.34,26.80058
Palau,2010,0.798,18.094,2.6272
Palau,2011,0.798,18.094,2.88014
Palau,2012,0.798,18.094,5.856040000000001
Palau,2013,0.798,18.094,3.4790799999999997
Palau,2014,0.798,18.094,6.67444
Palau,2015,0.798,18.094,6.92448
Palau,2016,0.798,18.094,7.1629999999999985
Palau,2017,0.798,18.094,7.244019999999999
Panama,2010,0.789,4314.767,46.253420000000006
Panama,2011,0.789,4314.767,38.030861617999996
Panama,2012,0.789,4314.767,39.77995538
Panama,2013,0.789,4314.767,39.51758834
Panama,2014,0.789,4314.767,39.78268590000001
Panama,2015,0.789,4314.767,40.66522356
Panama,2016,0.789,4314.767,41.41312128399999
Panama,2017,0.789,4314.767,41.65185999999999
Papua New Guinea,2010,0.544,8947.024,58.22015999999999
Papua New Guinea,2011,0.544,8947.024,77.94982
Papua New Guinea,2012,0.544,8947.024,67.31364
Papua New Guinea,2013,0.544,8947.024,66.99016
Papua New Guinea,2014,0.544,8947.024,62.460980000000006
Papua New Guinea,2015,0.544,8947.024,61.78713999999998
Papua New Guinea,2016,0.544,8947.024,61.316560000000024
Papua New Guinea,2017,0.544,8947.024,55.05838000000001
Paraguay,2010,0.702,7132.538,41.77309999999999
Paraguay,2011,0.702,7132.538,44.462320000000005
Paraguay,2012,0.702,7132.538,41.43016000000001
Paraguay,2013,0.702,7132.538,43.054959999999994
Paraguay,2014,0.702,7132.538,46.0164
Paraguay,2015,0.702,7132.538,46.300280000000015
Paraguay,2016,0.702,7132.538,46.724740000000004
Paraguay,2017,0.702,7132.538,47.01484000000001
Peru,2010,0.75,32971.854,69.80745999999999
Peru,2011,0.75,32971.854,68.37166
Peru,2012,0.75,32971.854,68.30863999999998
Peru,2013,0.75,32971.854,70.06576000000001
Peru,2014,0.75,32971.854,68.19637999999998
Peru,2015,0.75,32971.854,68.47438
Peru,2016,0.75,32971.854,69.16217999999999
Peru,2017,0.75,32971.854,51.46244
Philippines,2010,0.699,109581.078,24.430719999999997
Philippines,2011,0.699,109581.078,25.139879999999998
Philippines,2012,0.699,109581.078,23.790399999999998
Philippines,2013,0.699,109581.078,22.931140000000003
Philippines,2014,0.699,109581.078,23.177039999999995
Philippines,2015,0.699,109581.078,23.42688
Philippines,2016,0.699,109581.078,23.536619999999996
Philippines,2017,0.699,109581.078,23.53008
Poland,2010,0.865,37846.611,101.81963999999999
Poland,2011,0.865,37846.611,112.74744000000001
Poland,2012,0.865,37846.611,104.40816000000002
Poland,2013,0.865,37846.611,100.89983999999998
Poland,2014,0.865,37846.611,102.28129999999997
Poland,2015,0.865,37846.611,104.45792
Poland,2016,0.865,37846.611,106.56878
Poland,2017,0.865,37846.611,104.98398000000002
Portugal,2010,0.847,10196.709,78.56713999999998
Portugal,2011,0.847,10196.709,75.87018
Portugal,2012,0.847,10196.709,64.52768
Portugal,2013,0.847,10196.709,56.87658
Portugal,2014,0.847,10196.709,57.02232
Portugal,2015,0.847,10196.709,54.52691999999999
Portugal,2016,0.847,10196.709,50.12348000000001
Portugal,2017,0.847,10196.709,45.30326
Qatar,2010,0.856,2881.053,294.14992
Qatar,2011,0.856,2881.053,199.30285999999995
Qatar,2012,0.856,2881.053,283.91716
Qatar,2013,0.856,2881.053,278.76306
Qatar,2014,0.856,2881.053,294.56104
Qatar,2015,0.856,2881.053,286.66004
Qatar,2016,0.856,2881.053,293.97965999999997
Qatar,2017,0.856,2881.053,297.13622000000004
Romania,2010,0.811,19237.691,60.36441999999999
Romania,2011,0.811,19237.691,63.55862
Romania,2012,0.811,19237.691,47.44616
Romania,2013,0.811,19237.691,66.37326
Romania,2014,0.811,19237.691,67.44053999999998
Romania,2015,0.811,19237.691,69.71182
Romania,2016,0.811,19237.691,70.91296
Romania,2017,0.811,19237.691,71.8861
Rwanda,2010,0.524,12952.218,16.015898999999997
Rwanda,2011,0.524,12952.218,16.908936999999998
Rwanda,2012,0.524,12952.218,17.133735
Rwanda,2013,0.524,12952.218,17.379156800000004
Rwanda,2014,0.524,12952.218,16.8278714
Rwanda,2015,0.524,12952.218,16.992386000000003
Rwanda,2016,0.524,12952.218,17.230981
Rwanda,2017,0.524,12952.218,17.3949564
Samoa,2010,0.713,198.414,28.6305
Samoa,2011,0.713,198.414,29.737299999999998
Samoa,2012,0.713,198.414,31.122980000000005
Samoa,2013,0.713,198.414,29.6249
Samoa,2014,0.713,198.414,30.225220000000007
Samoa,2015,0.713,198.414,30.70858
Samoa,2016,0.713,198.414,31.1723
Samoa,2017,0.713,198.414,31.563879999999997
Sao Tome and Principe,2010,0.589,219.159,18.222719999999995
Sao Tome and Principe,2011,0.589,219.159,17.128899999999994
Sao Tome and Principe,2012,0.589,219.159,17.23914
Sao Tome and Principe,2013,0.589,219.159,19.04628
Sao Tome and Principe,2014,0.589,219.159,19.730219999999996
Sao Tome and Principe,2015,0.589,219.159,19.679139999999997
Sao Tome and Principe,2016,0.589,219.159,19.59134
Sao Tome and Principe,2017,0.589,219.159,19.45194
Saudi Arabia,2010,0.853,34813.871,146.1925
Saudi Arabia,2011,0.853,34813.871,149.78918000000002
Saudi Arabia,2012,0.853,34813.871,137.30247999999995
Saudi Arabia,2013,0.853,34813.871,133.76798
Saudi Arabia,2014,0.853,34813.871,138.59276000000003
Saudi Arabia,2015,0.853,34813.871,145.26922
Saudi Arabia,2016,0.853,34813.871,147.98999999999998
Saudi Arabia,2017,0.853,34813.871,148.92288
Senegal,2010,0.505,16743.927,22.943479999999994
Senegal,2011,0.505,16743.927,19.230159999999994
Senegal,2012,0.505,16743.927,20.182460000000003
Senegal,2013,0.505,16743.927,19.753659999999996
Senegal,2014,0.505,16743.927,19.64096
Senegal,2015,0.505,16743.927,19.504660000000005
Senegal,2016,0.505,16743.927,19.468759999999996
Senegal,2017,0.505,16743.927,19.1693
Serbia,2010,0.787,8737.371,60.30603999999999
Serbia,2011,0.787,8737.371,63.778400000000005
Serbia,2012,0.787,8737.371,56.725440000000006
Serbia,2013,0.787,8737.371,62.91986000000001
Serbia,2014,0.787,8737.371,60.50420000000001
Serbia,2015,0.787,8737.371,66.56356
Serbia,2016,0.787,8737.371,67.26714000000003
Serbia,2017,0.787,8737.371,65.28962000000001
Seychelles,2010,0.797,98.347,23.270439999999997
Seychelles,2011,0.797,98.347,17.389039999999998
Seychelles,2012,0.797,98.347,17.451520000000002
Seychelles,2013,0.797,98.347,16.56674
Seychelles,2014,0.797,98.347,15.82648
Seychelles,2015,0.797,98.347,15.134720000000002
Seychelles,2016,0.797,98.347,14.527080000000002
Seychelles,2017,0.797,98.347,13.927200000000001
Sierra Leone,2010,0.419,7976.983,17.255439999999997
Sierra Leone,2011,0.419,7976.983,18.163939999999997
Sierra Leone,2012,0.419,7976.983,23.9218
Sierra Leone,2013,0.419,7976.983,31.876740000000005
Sierra Leone,2014,0.419,7976.983,34.13828000000001
Sierra Leone,2015,0.419,7976.983,39.51834
Sierra Leone,2016,0.419,7976.983,44.75105999999999
Sierra Leone,2017,0.419,7976.983,42.10394
Singapore,2010,0.932,5850.342,179.02286
Singapore,2011,0.932,5850.342,189.15151999999998
Singapore,2012,0.932,5850.342,190.31004
Singapore,2013,0.932,5850.342,197.65581999999998
Singapore,2014,0.932,5850.342,207.68116000000003
Singapore,2015,0.932,5850.342,203.74079999999998
Singapore,2016,0.932,5850.342,200.21545999999998
Singapore,2017,0.932,5850.342,195.43168
Slovakia,2010,0.855,5459.642,69.27289999999998
Slovakia,2011,0.855,5459.642,68.86041999999999
Slovakia,2012,0.855,5459.642,60.32106
Slovakia,2013,0.855,5459.642,58.425239999999995
Slovakia,2014,0.855,5459.642,63.0127
Slovakia,2015,0.855,5459.642,62.973400000000005
Slovakia,2016,0.855,5459.642,62.72182000000001
Slovakia,2017,0.855,5459.642,60.79028
Slovenia,2010,0.896,2078.938,99.70512000000001
Slovenia,2011,0.896,2078.938,89.80281999999998
Slovenia,2012,0.896,2078.938,81.60086
Slovenia,2013,0.896,2078.938,78.39271999999998
Slovenia,2014,0.896,2078.938,84.41306000000002
Slovenia,2015,0.896,2078.938,83.93922000000002
Slovenia,2016,0.896,2078.938,82.86357999999998
Slovenia,2017,0.896,2078.938,80.94476000000002
Solomon Islands,2010,0.546,686.884,36.21088
Solomon Islands,2011,0.546,686.884,40.81232
Solomon Islands,2012,0.546,686.884,42.690500000000014
Solomon Islands,2013,0.546,686.884,42.39220000000001
Solomon Islands,2014,0.546,686.884,40.371100000000006
Solomon Islands,2015,0.546,686.884,40.023860000000006
Solomon Islands,2016,0.546,686.884,40.81446
Solomon Islands,2017,0.546,686.884,41.66533999999999
Somalia,2010,0.0,15893.222,18.284672
Somalia,2011,0.0,15893.222,18.593582400000003
Somalia,2012,0.0,15893.222,17.8834732
Somalia,2013,0.0,15893.222,17.5185244
Somalia,2014,0.0,15893.222,16.891848799999998
Somalia,2015,0.0,15893.222,16.4985132
Somalia,2016,0.0,15893.222,16.2215184
Somalia,2017,0.0,15893.222,15.949943999999997
South Africa,2010,0.699,59308.69,70.88326
South Africa,2011,0.699,59308.69,67.79975999999999
South Africa,2012,0.699,59308.69,67.69711999999998
South Africa,2013,0.699,59308.69,67.78053999999999
South Africa,2014,0.699,59308.69,69.28782
South Africa,2015,0.699,59308.69,66.77117999999999
South Africa,2016,0.699,59308.69,66.21078000000003
South Africa,2017,0.699,59308.69,65.69576000000002
South Sudan,2010,0.388,11193.725,0.0
South Sudan,2011,0.388,11193.725,0.0
South Sudan,2012,0.388,11193.725,5.958140000000001
South Sudan,2013,0.388,11193.725,7.2906200000000005
South Sudan,2014,0.388,11193.725,6.092060000000001
South Sudan,2015,0.388,11193.725,4.989700000000001
South Sudan,2016,0.388,11193.725,5.10434
South Sudan,2017,0.388,11193.725,5.40894
Spain,2010,0.891,46754.778,82.37286
Spain,2011,0.891,46754.778,73.49566
Spain,2012,0.891,46754.778,60.13598000000001
Spain,2013,0.891,46754.778,57.21238
Spain,2014,0.891,46754.778,55.61238
Spain,2015,0.891,46754.778,53.26183999999999
Spain,2016,0.891,46754.778,49.99066000000001
Spain,2017,0.891,46754.778,46.72086
Sri Lanka,2010,0.77,21413.249,23.08986
Sri Lanka,2011,0.77,21413.249,29.015099999999997
Sri Lanka,2012,0.77,21413.249,27.85694
Sri Lanka,2013,0.77,21413.249,27.722020000000004
Sri Lanka,2014,0.77,21413.249,29.116999999999997
Sri Lanka,2015,0.77,21413.249,29.66596
Sri Lanka,2016,0.77,21413.249,30.311859999999996
Sri Lanka,2017,0.77,21413.249,30.97754
Sudan,2010,0.502,43849.26,0.0
Sudan,2011,0.502,43849.26,0.0
Sudan,2012,0.502,43849.26,21.563440000000007
Sudan,2013,0.502,43849.26,24.942900000000005
Sudan,2014,0.502,43849.26,26.055039999999998
Sudan,2015,0.502,43849.26,27.604160000000004
Sudan,2016,0.502,43849.26,29.225399999999997
Sudan,2017,0.502,43849.26,31.02184
Suriname,2010,0.72,586.632,74.87396
Suriname,2011,0.72,586.632,74.33613999999999
Suriname,2012,0.72,586.632,71.78484000000002
Suriname,2013,0.72,586.632,67.59715999999999
Suriname,2014,0.72,586.632,66.4686
Suriname,2015,0.72,586.632,67.26431999999998
Suriname,2016,0.72,586.632,67.37780000000002
Suriname,2017,0.72,586.632,67.5382
Sweden,2010,0.933,10099.265,103.16581999999998
Sweden,2011,0.933,10099.265,100.30233999999999
Sweden,2012,0.933,10099.265,103.45893999999997
Sweden,2013,0.933,10099.265,101.78794000000002
Sweden,2014,0.933,10099.265,101.95712000000002
Sweden,2015,0.933,10099.265,99.9596
Sweden,2016,0.933,10099.265,99.57639999999998
Sweden,2017,0.933,10099.265,99.2337
Switzerland,2010,0.944,8654.622,75.52452000000001
Switzerland,2011,0.944,8654.622,82.39368
Switzerland,2012,0.944,8654.622,79.86622
Switzerland,2013,0.944,8654.622,78.88376
Switzerland,2014,0.944,8654.622,81.10576000000002
Switzerland,2015,0.944,8654.622,81.49010000000001
Switzerland,2016,0.944,8654.622,82.15714000000001
Switzerland,2017,0.944,8654.622,82.90344000000002
Tajikistan,2010,0.65,9537.645,15.528679999999998
Tajikistan,2011,0.65,9537.645,16.55752
Tajikistan,2012,0.65,9537.645,17.51692
Tajikistan,2013,0.65,9537.645,18.5903
Tajikistan,2014,0.65,9537.645,19.071720000000003
Tajikistan,2015,0.65,9537.645,19.369380000000003
Tajikistan,2016,0.65,9537.645,19.802
Tajikistan,2017,0.65,9537.645,20.29096
Thailand,2010,0.755,69799.978,62.60427999999999
Thailand,2011,0.755,69799.978,68.74175999999999
Thailand,2012,0.755,69799.978,72.13351999999998
Thailand,2013,0.755,69799.978,72.95962
Thailand,2014,0.755,69799.978,72.90946
Thailand,2015,0.755,69799.978,74.03772000000001
Thailand,2016,0.755,69799.978,75.70718000000001
Thailand,2017,0.755,69799.978,77.57196
Timor-Leste,2010,0.625,1318.445,52.21704
Timor-Leste,2011,0.625,1318.445,26.483840000000004
Timor-Leste,2012,0.625,1318.445,44.91346
Timor-Leste,2013,0.625,1318.445,48.6669
Timor-Leste,2014,0.625,1318.445,48.00756
Timor-Leste,2015,0.625,1318.445,47.422319999999985
Timor-Leste,2016,0.625,1318.445,46.90500000000001
Timor-Leste,2017,0.625,1318.445,46.41954
Togo,2010,0.503,8278.724,19.322680000000002
Togo,2011,0.503,8278.724,23.365479999999998
Togo,2012,0.503,8278.724,24.296880000000005
Togo,2013,0.503,8278.724,22.76292
Togo,2014,0.503,8278.724,23.765380000000004
Togo,2015,0.503,8278.724,23.83644
Togo,2016,0.503,8278.724,23.6555
Togo,2017,0.503,8278.724,23.501980000000003
Tonga,2010,0.726,105.695,71.95324000000001
Tonga,2011,0.726,105.695,62.959500000000006
Tonga,2012,0.726,105.695,77.40217399999999
Tonga,2013,0.726,105.695,100.1050496
Tonga,2014,0.726,105.695,86.10600000000001
Tonga,2015,0.726,105.695,91.25534000000002
Tonga,2016,0.726,105.695,96.34205999999999
Tonga,2017,0.726,105.695,101.38477999999998
Trinidad and Tobago,2010,0.784,1399.488,109.88031999999998
Trinidad and Tobago,2011,0.784,1399.488,114.74177999999999
Trinidad and Tobago,2012,0.784,1399.488,113.973
Trinidad and Tobago,2013,0.784,1399.488,116.28352000000001
Trinidad and Tobago,2014,0.784,1399.488,116.98464
Trinidad and Tobago,2015,0.784,1399.488,113.39789999999999
Trinidad and Tobago,2016,0.784,1399.488,116.43728
Trinidad and Tobago,2017,0.784,1399.488,119.55539999999999
Tunisia,2010,0.735,11818.619,55.86356
Tunisia,2011,0.735,11818.619,52.704480000000004
Tunisia,2012,0.735,11818.619,54.47748
Tunisia,2013,0.735,11818.619,54.84884
Tunisia,2014,0.735,11818.619,55.26993999999999
Tunisia,2015,0.735,11818.619,55.595580000000005
Tunisia,2016,0.735,11818.619,55.990559999999995
Tunisia,2017,0.735,11818.619,56.42468
Turkey,2010,0.791,84339.067,91.62568
Turkey,2011,0.791,84339.067,102.61588000000002
Turkey,2012,0.791,84339.067,103.75008000000001
Turkey,2013,0.791,84339.067,105.31378000000001
Turkey,2014,0.791,84339.067,104.42282
Turkey,2015,0.791,84339.067,106.58202000000001
Turkey,2016,0.791,84339.067,109.28670000000001
Turkey,2017,0.791,84339.067,111.95196
Turkmenistan,2010,0.706,6031.2,85.33759999999998
Turkmenistan,2011,0.706,6031.2,88.99104000000001
Turkmenistan,2012,0.706,6031.2,87.46564000000001
Turkmenistan,2013,0.706,6031.2,89.10434000000001
Turkmenistan,2014,0.706,6031.2,88.83407999999997
Turkmenistan,2015,0.706,6031.2,96.28399999999998
Turkmenistan,2016,0.706,6031.2,97.56982
Turkmenistan,2017,0.706,6031.2,98.84132000000001
Tuvalu,2010,0.0,11.792,6.707839999999999
Tuvalu,2011,0.0,11.792,8.45648
Tuvalu,2012,0.0,11.792,10.338640000000002
Tuvalu,2013,0.0,11.792,8.3684
Tuvalu,2014,0.0,11.792,6.03006
Tuvalu,2015,0.0,11.792,6.22286
Tuvalu,2016,0.0,11.792,6.4531
Tuvalu,2017,0.0,11.792,6.68304
Uganda,2010,0.516,45741.007,19.80622
Uganda,2011,0.516,45741.007,19.830579999999998
Uganda,2012,0.516,45741.007,18.897219999999997
Uganda,2013,0.516,45741.007,18.20862
Uganda,2014,0.516,45741.007,17.938299999999995
Uganda,2015,0.516,45741.007,17.69578
Uganda,2016,0.516,45741.007,17.53762
Uganda,2017,0.516,45741.007,17.38218
Ukraine,2010,0.751,43733.762,60.8769
Ukraine,2011,0.751,43733.762,72.38762
Ukraine,2012,0.751,43733.762,67.79046000000001
Ukraine,2013,0.751,43733.762,73.27105999999998
Ukraine,2014,0.751,43733.762,71.54978
Ukraine,2015,0.751,43733.762,72.27014000000003
Ukraine,2016,0.751,43733.762,74.3583
Ukraine,2017,0.751,43733.762,76.49390000000001
United Arab Emirates,2010,0.863,9890.402,149.09888
United Arab Emirates,2011,0.863,9890.402,138.24144
United Arab Emirates,2012,0.863,9890.402,126.99101999999999
United Arab Emirates,2013,0.863,9890.402,132.0229
United Arab Emirates,2014,0.863,9890.402,132.74162000000004
United Arab Emirates,2015,0.863,9890.402,142.71854000000005
United Arab Emirates,2016,0.863,9890.402,148.56541999999996
United Arab Emirates,2017,0.863,9890.402,154.11470000000003
Uruguay,2010,0.804,3473.73,196.95178000000004
Uruguay,2011,0.804,3473.73,192.02867999999998
Uruguay,2012,0.804,3473.73,188.6692
Uruguay,2013,0.804,3473.73,188.14586
Uruguay,2014,0.804,3473.73,193.69815999999997
Uruguay,2015,0.804,3473.73,197.7194
Uruguay,2016,0.804,3473.73,202.2483
Uruguay,2017,0.804,3473.73,206.76646000000002
Uzbekistan,2010,0.71,33469.203,48.54062
Uzbekistan,2011,0.71,33469.203,50.78906
Uzbekistan,2012,0.71,33469.203,50.802620000000005
Uzbekistan,2013,0.71,33469.203,50.44868000000001
Uzbekistan,2014,0.71,33469.203,51.312799999999996
Uzbekistan,2015,0.71,33469.203,51.32752
Uzbekistan,2016,0.71,33469.203,51.71214
Uzbekistan,2017,0.71,33469.203,52.17413999999999
Vanuatu,2010,0.603,307.145,37.99908
Vanuatu,2011,0.603,307.145,34.70578
Vanuatu,2012,0.603,307.145,33.768519999999995
Vanuatu,2013,0.603,307.145,35.539339999999996
Vanuatu,2014,0.603,307.145,35.85866
Vanuatu,2015,0.603,307.145,36.14712000000001
Vanuatu,2016,0.603,307.145,36.45444
Vanuatu,2017,0.603,307.145,36.85736
Yemen,2010,0.452,29825.964,15.898559999999998
Yemen,2011,0.452,29825.964,13.699179999999998
Yemen,2012,0.452,29825.964,13.810219999999997
Yemen,2013,0.452,29825.964,14.237559999999998
Yemen,2014,0.452,29825.964,14.14138
Yemen,2015,0.452,29825.964,13.426120000000001
Yemen,2016,0.452,29825.964,13.535440000000001
Yemen,2017,0.452,29825.964,13.715380000000001
Zambia,2010,0.588,18383.955,42.23054439999999
Zambia,2011,0.588,18383.955,40.7098002
Zambia,2012,0.588,18383.955,39.32546000000001
Zambia,2013,0.588,18383.955,39.93962
Zambia,2014,0.588,18383.955,38.47552
Zambia,2015,0.588,18383.955,39.186620000000005
Zambia,2016,0.588,18383.955,39.856
Zambia,2017,0.588,18383.955,40.503679999999996
Zimbabwe,2010,0.535,14862.924,18.49492
Zimbabwe,2011,0.535,14862.924,19.84274
Zimbabwe,2012,0.535,14862.924,20.00976
Zimbabwe,2013,0.535,14862.924,19.21392
Zimbabwe,2014,0.535,14862.924,20.65094
Zimbabwe,2015,0.535,14862.924,19.497559999999996
Zimbabwe,2016,0.535,14862.924,18.887939999999997
Zimbabwe,2017,0.535,14862.924,18.316400000000005
