name,TimePeriod,HDI,Population,"Electronic Waste Recycling, per capita (Kg)","Electronic Waste Generated, per capita (Kg)"
Albania,2010,0.785,2877.797,,4.391893
Albania,2011,0.785,2877.797,,4.857921
Albania,2012,0.785,2877.797,,5.310308
Albania,2013,0.785,2877.797,3.2374952992436,5.74093
Albania,2014,0.785,2877.797,4.24264416721017,6.11255
Albania,2015,0.785,2877.797,4.88907893516884,6.451386
Albania,2016,0.785,2877.797,5.10376168044436,6.736817
Albania,2017,0.785,2877.797,5.30301099172759,6.994344
Albania,2018,0.785,2877.797,5.47706700719976,7.225346000000001
Albania,2019,0.785,2877.797,5.63970879960623,7.445564
Antigua and Barbuda,2010,0.78,97.929,,9.656717
Antigua and Barbuda,2011,0.78,97.929,,10.053237
Antigua and Barbuda,2012,0.78,97.929,,10.565936
Antigua and Barbuda,2013,0.78,97.929,,10.942302
Antigua and Barbuda,2014,0.78,97.929,11.883926449298801,11.279356
Antigua and Barbuda,2015,0.78,97.929,11.7557790341024,11.584001
Antigua and Barbuda,2016,0.78,97.929,12.0789206834532,11.889545
Antigua and Barbuda,2017,0.78,97.929,12.385939858527601,12.173225
Antigua and Barbuda,2018,0.78,97.929,12.666955786128199,12.424686
Antigua and Barbuda,2019,0.78,97.929,12.948181321114099,12.672668
Argentina,2010,0.825,45195.774,,7.624459
Argentina,2011,0.825,45195.774,,8.011065
Argentina,2012,0.825,45195.774,,8.39244
Argentina,2013,0.825,45195.774,0.251208442954615,8.754692999999998
Argentina,2014,0.825,45195.774,0.260772118295468,9.082568
Argentina,2015,0.825,45195.774,0.26917343711782094,9.370018
Argentina,2016,0.825,45195.774,0.27734757919143893,9.649161
Argentina,2017,0.825,45195.774,0.285165033033668,9.909316
Argentina,2018,0.825,45195.774,0.291857688811043,10.127613
Argentina,2019,0.825,45195.774,0.29771319414010605,10.314614
Armenia,2010,0.755,2963.243,,3.178374
Armenia,2011,0.755,2963.243,,3.543604
Armenia,2012,0.755,2963.243,,3.907151
Armenia,2013,0.755,2963.243,,4.232077
Armenia,2014,0.755,2963.243,0.0036052702871134,4.538414
Armenia,2015,0.755,2963.243,0.0038167755290527,4.818295
Armenia,2016,0.755,2963.243,0.0040132697715748,5.082986
Armenia,2017,0.755,2963.243,0.0042077955330586,5.345047
Armenia,2018,0.755,2963.243,0.0043985332723975,5.600526
Armenia,2019,0.755,2963.243,0.0045653981704876,5.824781
Australia,2010,0.939,25499.884,,18.370894
Australia,2011,0.939,25499.884,,19.052264
Australia,2012,0.939,25499.884,1.79008416495477,19.696311
Australia,2013,0.939,25499.884,2.15910522942421,20.312306
Australia,2014,0.939,25499.884,1.8223098701472802,20.838522
Australia,2015,0.939,25499.884,2.25863630680607,21.241441
Australia,2016,0.939,25499.884,2.28829092508627,21.454979
Australia,2017,0.939,25499.884,2.30397192370563,21.548466
Australia,2018,0.939,25499.884,2.31543279535634,21.58937
Australia,2019,0.939,25499.884,2.333366735851,21.678603
Austria,2010,0.908,9006.398,8.829546447687822,18.284557
Austria,2011,0.908,9006.398,8.926952276932358,18.653612
Austria,2012,0.908,9006.398,9.10372925691259,18.981789
Austria,2013,0.908,9006.398,8.9800473131093,19.212565
Austria,2014,0.908,9006.398,9.021955948813748,19.321302
Austria,2015,0.908,9006.398,9.24635085088528,19.314339
Austria,2016,0.908,9006.398,9.69166964091572,19.188383
Austria,2017,0.908,9006.398,13.2059290454701,19.072706
Austria,2018,0.908,9006.398,13.1102681547966,18.937619
Austria,2019,0.908,9006.398,13.0180418303162,18.801624
Belarus,2010,0.808,9449.323,,5.249717
Belarus,2011,0.808,9449.323,,5.745123
Belarus,2012,0.808,9449.323,,6.243894
Belarus,2013,0.808,9449.323,,6.737419
Belarus,2014,0.808,9449.323,0.264002132373849,7.215344
Belarus,2015,0.808,9449.323,0.5912244067010861,7.656255
Belarus,2016,0.808,9449.323,0.480645140116527,8.082758
Belarus,2017,0.808,9449.323,0.656068480004672,8.484227
Belarus,2018,0.808,9449.323,0.685674146995302,8.914336999999998
Belarus,2019,0.808,9449.323,0.714098400524141,9.330043000000002
Belgium,2010,0.916,11589.623,9.649744691685088,19.311159
Belgium,2011,0.916,11589.623,10.4396642049199,19.519725
Belgium,2012,0.916,11589.623,10.5055724421996,19.781324
Belgium,2013,0.916,11589.623,11.077826138460699,19.989753
Belgium,2014,0.916,11589.623,11.1622295950754,20.185509
Belgium,2015,0.916,11589.623,11.2167585772804,20.303012
Belgium,2016,0.916,11589.623,11.2449729871405,20.340003
Belgium,2017,0.916,11589.623,11.2590311998018,20.408658
Belgium,2018,0.916,11589.623,11.2583126730289,20.412824
Belgium,2019,0.916,11589.623,11.2590020353875,20.410144
Bosnia and Herzegovina,2010,0.768,3280.819,,4.776097
Bosnia and Herzegovina,2011,0.768,3280.819,,5.249319
Bosnia and Herzegovina,2012,0.768,3280.819,,5.696619
Bosnia and Herzegovina,2013,0.768,3280.819,,6.095235
Bosnia and Herzegovina,2014,0.768,3280.819,0.318407021497909,6.477504
Bosnia and Herzegovina,2015,0.768,3280.819,0.337387641782932,6.817022
Bosnia and Herzegovina,2016,0.768,3280.819,0.353658566094836,7.094094
Bosnia and Herzegovina,2017,0.768,3280.819,0.36936262469663106,7.354027
Bosnia and Herzegovina,2018,0.768,3280.819,0.382439398976331,7.558136
Bosnia and Herzegovina,2019,0.768,3280.819,0.39686557974285297,7.79358
Brazil,2010,0.759,212559.417,,6.635138
Brazil,2011,0.759,212559.417,,7.113746
Brazil,2012,0.759,212559.417,0.0007025033989623,7.596754
Brazil,2013,0.759,212559.417,0.0007451771649705,8.060278999999998
Brazil,2014,0.759,212559.417,0.0007861860451737998,8.504065
Brazil,2015,0.759,212559.417,0.0008240737489816,8.911315
Brazil,2016,0.759,212559.417,0.0008594415820068,9.293867
Brazil,2017,0.759,212559.417,0.0008909102548634998,9.634845
Brazil,2018,0.759,212559.417,0.0009183446530499,9.936658
Brazil,2019,0.759,212559.417,0.0009434092195207002,10.212997
Bulgaria,2010,0.813,6948.445,6.06813915831235,7.778158999999999
Bulgaria,2011,0.813,6948.445,5.48094692634914,8.43522
Bulgaria,2012,0.813,6948.445,5.240109533574209,8.926517
Bulgaria,2013,0.813,6948.445,4.8232587462545,9.387282
Bulgaria,2014,0.813,6948.445,5.83936730020558,9.834158
Bulgaria,2015,0.813,6948.445,8.60961765419552,10.251079
Bulgaria,2016,0.813,6948.445,8.596399190821849,10.664581
Bulgaria,2017,0.813,6948.445,7.67242073582475,11.053948
Bulgaria,2018,0.813,6948.445,7.927840840885981,11.404886999999999
Bulgaria,2019,0.813,6948.445,8.17499732975891,11.741564
Cameroon,2010,0.556,26545.863,,0.532297
Cameroon,2011,0.556,26545.863,,0.595669
Cameroon,2012,0.556,26545.863,,0.655997
Cameroon,2013,0.556,26545.863,,0.712419
Cameroon,2014,0.556,26545.863,,0.767306
Cameroon,2015,0.556,26545.863,,0.821485
Cameroon,2016,0.556,26545.863,,0.878707
Cameroon,2017,0.556,26545.863,,0.933212
Cameroon,2018,0.556,26545.863,0.0019828474967006,0.98559
Cameroon,2019,0.556,26545.863,0.0020793034978183,1.034727
Canada,2010,0.926,37742.154,1.49644633529663,17.306115
Canada,2011,0.926,37742.154,2.5033545036248106,17.846378
Canada,2012,0.926,37742.154,2.0159194062911094,18.400338
Canada,2013,0.926,37742.154,2.6512427313332494,18.909352
Canada,2014,0.926,37742.154,2.3384704350884,19.335636
Canada,2015,0.926,37742.154,2.75593058675312,19.700475
Canada,2016,0.926,37742.154,2.78702035695738,19.911015
Canada,2017,0.926,37742.154,2.81370947776972,20.051541
Canada,2018,0.926,37742.154,2.83837164583324,20.137185
Canada,2019,0.926,37742.154,2.85936601424959,20.212898
Chile,2010,0.843,19116.201,,7.063691
Chile,2011,0.843,19116.201,,7.424132
Chile,2012,0.843,19116.201,,7.794726
Chile,2013,0.843,19116.201,,8.179748
Chile,2014,0.843,19116.201,,8.547679999999998
Chile,2015,0.843,19116.201,,8.875897
Chile,2016,0.843,19116.201,,9.173505
Chile,2017,0.843,19116.201,0.29777317101627493,9.462593
Chile,2018,0.843,19116.201,0.304508720089298,9.711654
Chile,2019,0.843,19116.201,0.31094577827658,9.932659
China,2010,0.752,1439323.776,,3.625474
China,2011,0.752,1439323.776,,4.107665
China,2012,0.752,1439323.776,,4.580867
China,2013,0.752,1439323.776,0.926801814176473,5.043269
China,2014,0.752,1439323.776,0.8616938990782061,5.467952
China,2015,0.752,1439323.776,0.922013390202614,5.852531
China,2016,0.752,1439323.776,0.9985507203156287,6.200781
China,2017,0.752,1439323.776,1.04150408266011,6.536213
China,2018,0.752,1439323.776,1.08290014659911,6.871619
China,2019,0.752,1439323.776,1.13909525259267,7.234441
Colombia,2010,0.747,50882.891,,4.47901
Colombia,2011,0.747,50882.891,,4.770651
Colombia,2012,0.747,50882.891,0.0087629591298202,5.050448
Colombia,2013,0.747,50882.891,0.032828878765279,5.314549
Colombia,2014,0.747,50882.891,0.0580077851790334,5.561171
Colombia,2015,0.747,50882.891,0.060053584980194,5.759705
Colombia,2016,0.747,50882.891,0.0615837212243151,5.920851
Colombia,2017,0.747,50882.891,0.0628106359120671,6.063256
Colombia,2018,0.747,50882.891,0.0638659279617413,6.191734
Colombia,2019,0.747,50882.891,0.0648415025172209,6.302878
Croatia,2010,0.831,4105.267,,8.444255999999998
Croatia,2011,0.831,4105.267,4.06158172153751,9.1194
Croatia,2012,0.831,4105.267,3.7680385505237695,9.521153
Croatia,2013,0.831,4105.267,3.51331071252279,9.886422
Croatia,2014,0.831,4105.267,3.6395099257011694,10.225007000000002
Croatia,2015,0.831,4105.267,5.61273498809555,10.569377
Croatia,2016,0.831,4105.267,9.22275781724659,10.889245
Croatia,2017,0.831,4105.267,8.7103353290235,11.252332
Croatia,2018,0.831,4105.267,8.94674636819733,11.565992
Croatia,2019,0.831,4105.267,9.18872549977616,11.888368
Cyprus,2010,0.869,1207.359,2.34492192731191,14.860854000000002
Cyprus,2011,0.869,1207.359,2.42257322616521,15.13849
Cyprus,2012,0.869,1207.359,2.21488820717398,15.266765
Cyprus,2013,0.869,1207.359,1.99586315180274,15.605757
Cyprus,2014,0.869,1207.359,1.98907052608832,16.075644
Cyprus,2015,0.869,1207.359,2.5521388267052,16.538557
Cyprus,2016,0.869,1207.359,2.09880626121079,16.733189
Cyprus,2017,0.869,1207.359,2.10499569122265,16.780209
Cyprus,2018,0.869,1207.359,2.10706832556661,16.756705
Cyprus,2019,0.869,1207.359,2.11019611304767,16.796339
Denmark,2010,0.929,5792.202,14.929478731105,21.271232
Denmark,2011,0.929,5792.202,15.1028662112348,21.738927
Denmark,2012,0.929,5792.202,13.5806871934654,22.157991
Denmark,2013,0.929,5792.202,12.7843307523458,22.495852
Denmark,2014,0.929,5792.202,12.633207272555198,22.70981
Denmark,2015,0.929,5792.202,12.7414108156615,22.790827
Denmark,2016,0.929,5792.202,12.467989157021801,22.742808
Denmark,2017,0.929,5792.202,12.171428561459901,22.658135
Denmark,2018,0.929,5792.202,12.1455097472571,22.562607
Denmark,2019,0.929,5792.202,12.1039628888488,22.392184
Ecuador,2010,0.752,17643.054,,4.019112
Ecuador,2011,0.752,17643.054,,4.34872
Ecuador,2012,0.752,17643.054,,4.661065
Ecuador,2013,0.752,17643.054,0.0019626326908218,4.96053
Ecuador,2014,0.752,17643.054,0.0017518489412376,5.217319
Ecuador,2015,0.752,17643.054,0.00139558162455,5.402073
Ecuador,2016,0.752,17643.054,0.0002507774489004,5.510777
Ecuador,2017,0.752,17643.054,0.0002957875900875,5.607573
Ecuador,2018,0.752,17643.054,0.0002834113940125,5.679602
Ecuador,2019,0.752,17643.054,0.0002857717290033,5.74125
El Salvador,2010,0.674,6486.205,,3.786208
El Salvador,2011,0.674,6486.205,,4.085776
El Salvador,2012,0.674,6486.205,0.08977348546519182,4.355501
El Salvador,2013,0.674,6486.205,0.0951335724303376,4.596921
El Salvador,2014,0.674,6486.205,0.0999499433212118,4.808834
El Salvador,2015,0.674,6486.205,0.104491624587102,5.005167
El Salvador,2016,0.674,6486.205,0.108600043548463,5.178569
El Salvador,2017,0.674,6486.205,0.11178905700640698,5.307812
El Salvador,2018,0.674,6486.205,0.114685687786766,5.424523
El Salvador,2019,0.674,6486.205,0.117720479581005,5.546408
Estonia,2010,0.871,1326.535,4.22639991051743,10.263643
Estonia,2011,0.871,1326.535,4.98229646584584,10.665497
Estonia,2012,0.871,1326.535,4.13025454913718,11.05067
Estonia,2013,0.871,1326.535,3.5312811773161,11.422889
Estonia,2014,0.871,1326.535,3.90496500346052,11.763486
Estonia,2015,0.871,1326.535,4.29321919214189,12.062478
Estonia,2016,0.871,1326.535,9.815367483803728,12.326725
Estonia,2017,0.871,1326.535,9.60065606125259,12.578251
Estonia,2018,0.871,1326.535,9.77174306398077,12.81713
Estonia,2019,0.871,1326.535,9.949037843350688,13.076668
Finland,2010,0.92,5540.72,9.47988215701563,17.073976
Finland,2011,0.92,5540.72,9.7418644328164,17.53633
Finland,2012,0.92,5540.72,9.78287347068729,17.938941
Finland,2013,0.92,5540.72,10.6488638319215,18.282987
Finland,2014,0.92,5540.72,12.087354730738001,18.580912
Finland,2015,0.92,5540.72,11.4107898958024,18.860921
Finland,2016,0.92,5540.72,10.952916066568699,19.126543
Finland,2017,0.92,5540.72,11.8672809601674,19.37526
Finland,2018,0.92,5540.72,12.014443612185199,19.580713
Finland,2019,0.92,5540.72,12.180640415432698,19.817826
France,2010,0.901,65273.511,6.90143462415871,17.905834
France,2011,0.901,65273.511,7.437131012891051,18.518194
France,2012,0.901,65273.511,7.4028434611268095,19.045011
France,2013,0.901,65273.511,7.50770958451327,19.459005
France,2014,0.901,65273.511,8.144011353165538,19.786407
France,2015,0.901,65273.511,9.57905980578712,20.090858
France,2016,0.901,65273.511,11.1640003903037,20.38895
France,2017,0.901,65273.511,11.448245381853098,20.644066
France,2018,0.901,65273.511,11.5619686207888,20.862179
France,2019,0.901,65273.511,11.641030031584101,20.954005
Germany,2010,0.936,83783.942,9.613557231945299,19.063631
Germany,2011,0.936,83783.942,8.784175063433118,19.367495
Germany,2012,0.936,83783.942,8.53017875954107,19.572402
Germany,2013,0.936,83783.942,8.968323044515529,19.704439
Germany,2014,0.936,83783.942,8.87617821748384,19.750992
Germany,2015,0.936,83783.942,8.82617497208708,19.668766
Germany,2016,0.936,83783.942,9.516706679837169,19.5649
Germany,2017,0.936,83783.942,10.124886386332399,19.500534
Germany,2018,0.936,83783.942,10.0573215094222,19.42579
Germany,2019,0.936,83783.942,9.98877785742086,19.369106
Greece,2010,0.87,10423.054,4.27337788538195,14.551556
Greece,2011,0.87,10423.054,3.91169180301104,15.055875
Greece,2012,0.87,10423.054,3.4537231246589495,15.531754999999999
Greece,2013,0.87,10423.054,3.56296228639613,15.981322
Greece,2014,0.87,10423.054,4.2442806869343,16.321937
Greece,2015,0.87,10423.054,4.59748678602483,16.569488
Greece,2016,0.87,10423.054,5.06020480287527,16.770573
Greece,2017,0.87,10423.054,5.282299957169,16.829974
Greece,2018,0.87,10423.054,5.305206979994,16.877623
Greece,2019,0.87,10423.054,5.32304299365672,16.94105
Honduras,2010,0.617,9904.607,,1.88165
Honduras,2011,0.617,9904.607,,1.956862
Honduras,2012,0.617,9904.607,,2.031952
Honduras,2013,0.617,9904.607,,2.107738
Honduras,2014,0.617,9904.607,0.0223324477401182,2.199903
Honduras,2015,0.617,9904.607,0.0219469007903518,2.291645
Honduras,2016,0.617,9904.607,0.0227301615158313,2.373759
Honduras,2017,0.617,9904.607,0.023437564534835895,2.447256
Honduras,2018,0.617,9904.607,0.0241290448012485,2.518353
Honduras,2019,0.617,9904.607,0.0248060030073522,2.587394
Hungary,2010,0.838,9660.351,4.08174160755405,9.791085
Hungary,2011,0.838,9660.351,3.7443577703381696,10.183043
Hungary,2012,0.838,9660.351,4.48746665141986,10.609678
Hungary,2013,0.838,9660.351,5.06186595115703,11.007347
Hungary,2014,0.838,9660.351,5.28047399533564,11.418396000000001
Hungary,2015,0.838,9660.351,5.33037428697806,11.823794
Hungary,2016,0.838,9660.351,6.00996414425554,12.244689
Hungary,2017,0.838,9660.351,6.495185626211861,12.684357
Hungary,2018,0.838,9660.351,6.72511146750214,13.130049
Hungary,2019,0.838,9660.351,6.975428111615449,13.614595000000001
Iceland,2010,0.935,341.243,4.96032365409468,18.949344
Iceland,2011,0.935,341.243,5.96653177564603,19.774555
Iceland,2012,0.935,341.243,7.603441816473299,20.404858
Iceland,2013,0.935,341.243,7.545981894533511,20.971896
Iceland,2014,0.935,341.243,10.4536933339825,21.306402
Iceland,2015,0.935,341.243,11.7037158162168,21.659807
Iceland,2016,0.935,341.243,11.8148514940895,21.878266
Iceland,2017,0.935,341.243,15.768776447016199,21.933334
Iceland,2018,0.935,341.243,15.891242361424599,21.617267
Iceland,2019,0.935,341.243,16.0317148305347,21.405355
India,2010,0.64,1380004.385,,0.908513
India,2011,0.64,1380004.385,,1.022904
India,2012,0.64,1380004.385,,1.140342
India,2013,0.64,1380004.385,,1.26488
India,2014,0.64,1380004.385,,1.395722
India,2015,0.64,1380004.385,,1.537625
India,2016,0.64,1380004.385,0.022362778939270096,1.712061
India,2017,0.64,1380004.385,0.0251489317541976,1.920679
India,2018,0.64,1380004.385,0.0281699512309272,2.145626
India,2019,0.64,1380004.385,0.031461742448259,2.389329
Ireland,2010,0.938,4937.786,9.75577088177624,15.770984
Ireland,2011,0.938,4937.786,8.63145445060731,16.400613
Ireland,2012,0.938,4937.786,8.935595012281372,16.980151
Ireland,2013,0.938,4937.786,9.23620051540204,17.45906
Ireland,2014,0.938,4937.786,9.70659964917831,17.836016999999995
Ireland,2015,0.938,4937.786,10.451764887950699,18.110216
Ireland,2016,0.938,4937.786,10.9253182105673,18.278771
Ireland,2017,0.938,4937.786,11.0054507612741,18.434047
Ireland,2018,0.938,4937.786,11.078029404855302,18.530612
Ireland,2019,0.938,4937.786,11.1593878891501,18.673679
Italy,2010,0.88,60461.826,9.81845296449915,17.436722
Italy,2011,0.88,60461.826,9.138873957925501,17.693814
Italy,2012,0.88,60461.826,8.30631948322721,17.842476
Italy,2013,0.88,60461.826,7.26463425992807,17.861675000000005
Italy,2014,0.88,60461.826,5.20132372289964,17.844092
Italy,2015,0.88,60461.826,5.68896659010428,17.844014
Italy,2016,0.88,60461.826,6.08399825739113,17.830136
Italy,2017,0.88,60461.826,6.05729702008913,17.777557000000005
Italy,2018,0.88,60461.826,6.02301031730083,17.694073
Italy,2019,0.88,60461.826,5.99057505450198,17.502299
Jamaica,2010,0.732,2961.167,,5.084617
Jamaica,2011,0.732,2961.167,,5.33208
Jamaica,2012,0.732,2961.167,,5.553105
Jamaica,2013,0.732,2961.167,,5.723646
Jamaica,2014,0.732,2961.167,,5.814188
Jamaica,2015,0.732,2961.167,,5.881853
Jamaica,2016,0.732,2961.167,0.018580696308153295,5.950745
Jamaica,2017,0.732,2961.167,0.0184877816305402,6.040976
Jamaica,2018,0.732,2961.167,0.0187889662616833,6.134316
Jamaica,2019,0.732,2961.167,0.0190510409978438,6.21573
Japan,2010,0.909,126476.461,6.95490635541443,17.910799999999995
Japan,2011,0.909,126476.461,5.30743570341258,18.318443
Japan,2012,0.909,126476.461,3.6831244943344497,18.814297
Japan,2013,0.909,126476.461,4.02917248691802,19.271203
Japan,2014,0.909,126476.461,3.7840772738227697,19.65396
Japan,2015,0.909,126476.461,3.56291365984296,19.940977
Japan,2016,0.909,126476.461,4.276651754686261,20.100839
Japan,2017,0.909,126476.461,4.47292390481245,20.198667
Japan,2018,0.909,126476.461,4.49058280572056,20.270915
Japan,2019,0.909,126476.461,4.5111312828137,20.358834
Jordan,2010,0.735,10203.134,,3.956954
Jordan,2011,0.735,10203.134,,4.236917
Jordan,2012,0.735,10203.134,,4.460027
Jordan,2013,0.735,10203.134,,4.652555
Jordan,2014,0.735,10203.134,,4.799503
Jordan,2015,0.735,10203.134,,4.928117
Jordan,2016,0.735,10203.134,,5.070283
Jordan,2017,0.735,10203.134,,5.210077
Jordan,2018,0.735,10203.134,0.129966565054295,5.320385
Jordan,2019,0.735,10203.134,0.13346829448557,5.447205
Kazakhstan,2010,0.8,18776.707,,6.571986999999999
Kazakhstan,2011,0.8,18776.707,,6.926402
Kazakhstan,2012,0.8,18776.707,,7.262737999999999
Kazakhstan,2013,0.8,18776.707,,7.585861
Kazakhstan,2014,0.8,18776.707,,7.897533
Kazakhstan,2015,0.8,18776.707,,8.174016
Kazakhstan,2016,0.8,18776.707,0.050474171188872,8.437461
Kazakhstan,2017,0.8,18776.707,0.571348830695624,8.689134
Kazakhstan,2018,0.8,18776.707,0.541749864680569,8.93647
Kazakhstan,2019,0.8,18776.707,0.556830449925472,9.165441
Latvia,2010,0.847,1886.198,2.02326256397913,8.519894
Latvia,2011,0.847,1886.198,2.22678001495983,8.958458
Latvia,2012,0.847,1886.198,2.26870911707873,9.308007000000002
Latvia,2013,0.847,1886.198,2.36044891073131,9.59047
Latvia,2014,0.847,1886.198,2.43466817070877,9.851643
Latvia,2015,0.847,1886.198,2.44984794823982,10.039251
Latvia,2016,0.847,1886.198,2.45255829384606,10.209698
Latvia,2017,0.847,1886.198,4.786538034756849,10.375776
Latvia,2018,0.847,1886.198,4.86985591204592,10.520232
Latvia,2019,0.847,1886.198,4.95585736912216,10.612871
Lithuania,2010,0.858,2722.289,2.8580346210175,9.239815
Lithuania,2011,0.858,2722.289,3.8382928985581506,9.808118
Lithuania,2012,0.858,2722.289,4.6818960447681,10.244588
Lithuania,2013,0.858,2722.289,5.36867160439995,10.594608
Lithuania,2014,0.858,2722.289,7.46626785547222,10.893695
Lithuania,2015,0.858,2722.289,5.54594470699948,11.153739
Lithuania,2016,0.858,2722.289,4.5079605683228,11.437284
Lithuania,2017,0.858,2722.289,4.672071143125139,11.740635
Lithuania,2018,0.858,2722.289,4.79272529602644,12.027259
Lithuania,2019,0.858,2722.289,4.9065558130779,12.302166
Luxembourg,2010,0.904,625.978,9.49615074130225,17.91954
Luxembourg,2011,0.904,625.978,9.59923899312937,18.235104
Luxembourg,2012,0.904,625.978,9.437605372465168,18.394608
Luxembourg,2013,0.904,625.978,9.54006421480626,18.545144
Luxembourg,2014,0.904,625.978,9.951092131459728,18.63557
Luxembourg,2015,0.904,625.978,10.4121635808949,18.701689
Luxembourg,2016,0.904,625.978,10.687663353278099,18.770972
Luxembourg,2017,0.904,625.978,10.246420932770599,18.777865
Luxembourg,2018,0.904,625.978,10.293309694428,18.904873
Luxembourg,2019,0.904,625.978,10.3518527666347,18.902799
Malta,2010,0.878,441.543,3.70542923837134,13.319731
Malta,2011,0.878,441.543,3.74413482715694,13.662314000000002
Malta,2012,0.878,441.543,3.5703363370625,13.906391
Malta,2013,0.878,441.543,3.99864834422167,14.064673
Malta,2014,0.878,441.543,3.8889792882214804,14.186975
Malta,2015,0.878,441.543,4.57607845760323,14.149923
Malta,2016,0.878,441.543,3.97157526158051,14.16433
Malta,2017,0.878,441.543,4.05491822759085,14.206745000000002
Malta,2018,0.878,441.543,4.13921375510808,14.327762
Malta,2019,0.878,441.543,4.22267983568624,14.468127
Mauritius,2010,0.79,1271.768,,6.814268
Mauritius,2011,0.79,1271.768,1.59862646014544,7.256508
Mauritius,2012,0.79,1271.768,1.69495411846454,7.684061
Mauritius,2013,0.79,1271.768,1.7886597122325,8.102259999999998
Mauritius,2014,0.79,1271.768,1.87790449763033,8.505834999999998
Mauritius,2015,0.79,1271.768,1.9554230839163202,8.857736
Mauritius,2016,0.79,1271.768,2.02814017450292,9.197451
Mauritius,2017,0.79,1271.768,2.0944952593798094,9.510616
Mauritius,2018,0.79,1271.768,2.15368461801916,9.792421
Mauritius,2019,0.79,1271.768,2.21288591129978,10.073381
Mexico,2010,0.774,128932.753,0.26907882599348,7.233205
Mexico,2011,0.774,128932.753,0.275723851171076,7.571102
Mexico,2012,0.774,128932.753,0.283097326234434,7.917944
Mexico,2013,0.774,128932.753,0.290337668430982,8.246276
Mexico,2014,0.774,128932.753,0.297453028531719,8.545244
Mexico,2015,0.774,128932.753,0.305888449588858,8.802253
Mexico,2016,0.774,128932.753,0.31394479920152,9.048698000000002
Mexico,2017,0.774,128932.753,0.321432929016286,9.278516
Mexico,2018,0.774,128932.753,0.328159582020816,9.486296
Mexico,2019,0.774,128932.753,0.33472187101806894,9.689658
Namibia,2010,0.647,2540.905,,4.634382
Namibia,2011,0.647,2540.905,,5.014107
Namibia,2012,0.647,2540.905,,5.308066
Namibia,2013,0.647,2540.905,,5.561554
Namibia,2014,0.647,2540.905,,5.78833
Namibia,2015,0.647,2540.905,1.15901284763365,5.976666
Namibia,2016,0.647,2540.905,7.366274759928139,6.129233
Namibia,2017,0.647,2540.905,3.98564402321962,6.233774
Namibia,2018,0.647,2540.905,16.8917207858514,6.314006
Namibia,2019,0.647,2540.905,17.1013020215479,6.391245
Netherlands,2010,0.931,17134.872,7.679647582225819,19.756441
Netherlands,2011,0.931,17134.872,7.89792636492199,20.082459
Netherlands,2012,0.931,17134.872,7.36571610632539,20.38088
Netherlands,2013,0.931,17134.872,6.97592046124347,20.67454
Netherlands,2014,0.931,17134.872,8.39454534809703,20.898923
Netherlands,2015,0.931,17134.872,8.57171937147651,21.071407
Netherlands,2016,0.931,17134.872,9.10855686127404,21.197285
Netherlands,2017,0.931,17134.872,9.763565659889458,21.27051
Netherlands,2018,0.931,17134.872,9.84370746572596,21.430737
Netherlands,2019,0.931,17134.872,9.932532751621421,21.608879
Norway,2010,0.953,5421.241,22.056834001995092,21.657559
Norway,2011,0.953,5421.241,22.193929877423397,22.43673
Norway,2012,0.953,5421.241,20.9236023739677,23.216825
Norway,2013,0.953,5421.241,20.6571170951242,23.972539
Norway,2014,0.953,5421.241,20.8538293115354,24.594652
Norway,2015,0.953,5421.241,20.3068294387486,25.13925
Norway,2016,0.953,5421.241,19.5349412963368,25.52463
Norway,2017,0.953,5421.241,18.660489803871496,25.773558
Norway,2018,0.953,5421.241,18.7476258812355,25.930806
Norway,2019,0.953,5421.241,18.796760348988496,26.041444
Peru,2010,0.75,32971.854,,3.782441
Peru,2011,0.75,32971.854,,4.212089
Peru,2012,0.75,32971.854,,4.595667
Peru,2013,0.75,32971.854,0.0006878487818191,4.9401
Peru,2014,0.75,32971.854,0.0157455680508038,5.246157
Peru,2015,0.75,32971.854,0.27177506262647494,5.511788
Peru,2016,0.75,32971.854,0.0519122140322154,5.731154
Peru,2017,0.75,32971.854,0.0872015623563432,5.935237
Peru,2018,0.75,32971.854,0.0893676988202136,6.123443
Peru,2019,0.75,32971.854,0.09112346508640819,6.280256
Poland,2010,0.865,37846.611,2.92842766867666,7.492278
Poland,2011,0.865,37846.611,3.74361164039096,7.943772
Poland,2012,0.865,37846.611,4.58562923259045,8.407692
Poland,2013,0.865,37846.611,4.50044044449554,8.870834
Poland,2014,0.865,37846.611,4.54032628886095,9.359876000000002
Poland,2015,0.865,37846.611,5.23638328955329,9.84324
Poland,2016,0.865,37846.611,6.124185025340609,10.324707
Poland,2017,0.865,37846.611,6.49379119154613,10.775559
Poland,2018,0.865,37846.611,6.76464299076634,11.214476
Poland,2019,0.865,37846.611,7.036954057867369,11.66104
Portugal,2010,0.847,10196.709,4.40475252346274,14.634173
Portugal,2011,0.847,10196.709,5.60883941435398,15.099363
Portugal,2012,0.847,10196.709,4.15102807176077,15.491860999999998
Portugal,2013,0.847,10196.709,4.77903948477159,15.80356
Portugal,2014,0.847,10196.709,5.80396428412366,16.040605
Portugal,2015,0.847,10196.709,6.217867343547369,16.186567
Portugal,2016,0.847,10196.709,6.74589416146758,16.29461
Portugal,2017,0.847,10196.709,6.80952676704838,16.380648
Portugal,2018,0.847,10196.709,6.852174729958249,16.452201
Portugal,2019,0.847,10196.709,6.90747321355055,16.558974
Romania,2010,0.811,19237.691,1.28210138209229,7.649434
Romania,2011,0.811,19237.691,1.0330083743109302,8.113037999999998
Romania,2012,0.811,19237.691,1.14117106210085,8.571999
Romania,2013,0.811,19237.691,1.64731348576798,9.009521
Romania,2014,0.811,19237.691,1.60506665825511,9.427149
Romania,2015,0.811,19237.691,2.04635521020585,9.839173
Romania,2016,0.811,19237.691,2.3567054012167894,10.266414
Romania,2017,0.811,19237.691,2.45667701969159,10.688263
Romania,2018,0.811,19237.691,2.55618016421521,11.105347
Romania,2019,0.811,19237.691,2.65336571895934,11.445089
Rwanda,2010,0.524,12952.218,,0.214723
Rwanda,2011,0.524,12952.218,,0.249781
Rwanda,2012,0.524,12952.218,,0.285926
Rwanda,2013,0.524,12952.218,,0.323399
Rwanda,2014,0.524,12952.218,,0.360351
Rwanda,2015,0.524,12952.218,,0.397839
Rwanda,2016,0.524,12952.218,,0.437345
Rwanda,2017,0.524,12952.218,,0.479707
Rwanda,2018,0.524,12952.218,0.0569014602459167,0.524144
Rwanda,2019,0.524,12952.218,0.0613553238322703,0.566755
Saint Lucia,2010,0.747,183.627,,8.286787999999998
Saint Lucia,2011,0.747,183.627,,8.628325
Saint Lucia,2012,0.747,183.627,,8.888574
Saint Lucia,2013,0.747,183.627,,9.112934
Saint Lucia,2014,0.747,183.627,,9.300648
Saint Lucia,2015,0.747,183.627,0.167475199714175,9.441072
Saint Lucia,2016,0.747,183.627,0.169483085964405,9.546921
Saint Lucia,2017,0.747,183.627,0.170999121328507,9.571896
Saint Lucia,2018,0.747,183.627,0.171938402331079,9.619547
Saint Lucia,2019,0.747,183.627,0.173643956344539,9.708456
Serbia,2010,0.787,8737.371,,6.016489
Serbia,2011,0.787,8737.371,,6.512995
Serbia,2012,0.787,8737.371,,6.984216
Serbia,2013,0.787,8737.371,,7.422433
Serbia,2014,0.787,8737.371,,7.820247
Serbia,2015,0.787,8737.371,1.46449550326655,8.174061
Serbia,2016,0.787,8737.371,1.51916814707719,8.50176
Serbia,2017,0.787,8737.371,1.5688936356625802,8.802046
Serbia,2018,0.787,8737.371,1.61823227003952,9.087453
Serbia,2019,0.787,8737.371,1.6653578195869898,9.357144000000002
Slovakia,2010,0.855,5459.642,4.05529455934384,10.04582
Slovakia,2011,0.855,5459.642,4.36333827084533,10.373971
Slovakia,2012,0.855,5459.642,4.18678555849846,10.677648
Slovakia,2013,0.855,5459.642,4.16546701683838,10.998842
Slovakia,2014,0.855,5459.642,4.184351674164329,11.323432
Slovakia,2015,0.855,5459.642,4.29684668558142,11.63621
Slovakia,2016,0.855,5459.642,5.19147276893186,11.924822
Slovakia,2017,0.855,5459.642,5.475501307567329,12.189436
Slovakia,2018,0.855,5459.642,5.60205718485748,12.464531
Slovakia,2019,0.855,5459.642,5.73964336362097,12.761259
Slovenia,2010,0.896,2078.938,4.24501892982847,12.824796
Slovenia,2011,0.896,2078.938,4.55520899653776,13.16701
Slovenia,2012,0.896,2078.938,4.58250600390897,13.454128
Slovenia,2013,0.896,2078.938,4.1388770405987,13.715983
Slovenia,2014,0.896,2078.938,4.687814391183889,13.960175
Slovenia,2015,0.896,2078.938,5.082563288220969,14.189029000000001
Slovenia,2016,0.896,2078.938,5.82006118006657,14.414178
Slovenia,2017,0.896,2078.938,5.90521689033156,14.626347
Slovenia,2018,0.896,2078.938,5.9926604371086,14.838868
Slovenia,2019,0.896,2078.938,6.0847568460167,15.065561
South Africa,2010,0.699,59308.69,,5.659164
South Africa,2011,0.699,59308.69,,5.982768
South Africa,2012,0.699,59308.69,,6.263934
South Africa,2013,0.699,59308.69,,6.493358
South Africa,2014,0.699,59308.69,,6.675989
South Africa,2015,0.699,59308.69,0.320169029314776,6.810707
South Africa,2016,0.699,59308.69,0.32491573744705093,6.904453
South Africa,2017,0.699,59308.69,0.329752896289618,6.993818
South Africa,2018,0.699,59308.69,0.333997758862219,7.031336
South Africa,2019,0.699,59308.69,0.337447612426781,7.085533
Spain,2010,0.891,46754.778,3.36875333881045,16.462865
Spain,2011,0.891,46754.778,3.26790861367163,16.939864
Spain,2012,0.891,46754.778,3.35707035107938,17.387038
Spain,2013,0.891,46754.778,4.46414930452344,17.838261
Spain,2014,0.891,46754.778,3.95096601865234,18.198085
Spain,2015,0.891,46754.778,4.94361502470039,18.481356
Spain,2016,0.891,46754.778,5.36051588481406,18.716533
Spain,2017,0.891,46754.778,6.15703867898388,18.872314
Spain,2018,0.891,46754.778,6.19200235635583,18.981201
Spain,2019,0.891,46754.778,6.22785503745208,19.024281
Sweden,2010,0.933,10099.265,17.1928967747823,17.943592
Sweden,2011,0.933,10099.265,18.6527413709416,18.446425
Sweden,2012,0.933,10099.265,17.6689964818564,18.898843
Sweden,2013,0.933,10099.265,18.357944091588095,19.276821
Sweden,2014,0.933,10099.265,14.945929881098401,19.562074
Sweden,2015,0.933,10099.265,14.7420124774845,19.812734
Sweden,2016,0.933,10099.265,16.595867244042097,19.915874
Sweden,2017,0.933,10099.265,14.2735485838062,19.988002
Sweden,2018,0.933,10099.265,14.368388189293,20.038566
Sweden,2019,0.933,10099.265,14.4683203374599,20.127966
Switzerland,2010,0.944,8654.622,15.0345628463936,20.368718
Switzerland,2011,0.944,8654.622,14.9867433718123,20.986127
Switzerland,2012,0.944,8654.622,16.1213665424326,21.626354
Switzerland,2013,0.944,8654.622,15.7728395402766,22.200682
Switzerland,2014,0.944,8654.622,15.4277301629063,22.645563
Switzerland,2015,0.944,8654.622,15.921849152230802,22.975882
Switzerland,2016,0.944,8654.622,15.728083160748,23.178924
Switzerland,2017,0.944,8654.622,14.5225813722822,23.273183
Switzerland,2018,0.944,8654.622,14.581885179882601,23.383428
Switzerland,2019,0.944,8654.622,14.661695717011499,23.41126
Turkey,2010,0.791,84339.067,,7.034281
Turkey,2011,0.791,84339.067,,7.411117
Turkey,2012,0.791,84339.067,,7.801697
Turkey,2013,0.791,84339.067,,8.171687
Turkey,2014,0.791,84339.067,,8.536284
Turkey,2015,0.791,84339.067,1.5917602745865402,8.873081
Turkey,2016,0.791,84339.067,1.65017762497427,9.224994
Turkey,2017,0.791,84339.067,1.70857602774066,9.586016
Turkey,2018,0.791,84339.067,1.76269904375863,9.892814
Turkey,2019,0.791,84339.067,1.81596324681236,10.19986
Uganda,2010,0.516,45741.007,,0.354472
Uganda,2011,0.516,45741.007,,0.409183
Uganda,2012,0.516,45741.007,,0.464513
Uganda,2013,0.516,45741.007,,0.520855
Uganda,2014,0.516,45741.007,,0.578777
Uganda,2015,0.516,45741.007,,0.634672
Uganda,2016,0.516,45741.007,,0.685775
Uganda,2017,0.516,45741.007,,0.730692
Uganda,2018,0.516,45741.007,0.0042125925061911,0.768958
Uganda,2019,0.516,45741.007,0.0043746256769913,0.802841
Ukraine,2010,0.751,43733.762,1.22073495407044,4.629918
Ukraine,2011,0.751,43733.762,0.8790033285948979,5.114527
Ukraine,2012,0.751,43733.762,0.6930112891539,5.570608
Ukraine,2013,0.751,43733.762,0.9230024306319508,5.983299
Ukraine,2014,0.751,43733.762,0.667235183555069,6.685785
Ukraine,2015,0.751,43733.762,0.830334852452835,6.976726
Ukraine,2016,0.751,43733.762,1.02653083479455,7.21207
Ukraine,2017,0.751,43733.762,0.899124764980025,7.415024
Ukraine,2018,0.751,43733.762,0.88986572205885,7.588038
Ukraine,2019,0.751,43733.762,0.909222271044932,7.739957
Zimbabwe,2010,0.535,14862.924,,1.049258
Zimbabwe,2011,0.535,14862.924,,1.070286
Zimbabwe,2012,0.535,14862.924,,1.053564
Zimbabwe,2013,0.535,14862.924,,1.057364
Zimbabwe,2014,0.535,14862.924,,1.062997
Zimbabwe,2015,0.535,14862.924,,1.067668
Zimbabwe,2016,0.535,14862.924,,1.072135
Zimbabwe,2017,0.535,14862.924,0.0021072448553197,1.077279
Zimbabwe,2018,0.535,14862.924,0.002024376105181,1.081951
Zimbabwe,2019,0.535,14862.924,0.0020484145510357,1.082455
